user_number,pizza,steak,macaroni and cheese,barbecue ribs,fried chicken,chicken tenders,salmon,chicken pot pie,jambalaya,pot roast,buffalo wings,burrito,street tacos,mole poblano,enchiladas,pozole,tamales,cochinita pibil,birria,carne asada,fajita,quesadilla,paella,tortilla espanola,fabada,cochinillo,bacalao a la vizca√≠na,flatbread pizza,lasagna,pasta carbonara,fettuccine alfredo,calzone,gnocchi,saltimbocca,coq au vin,bouillabaisse,duck confit,cassoulet,quiche lorraine,sole meuniere,tartiflette,general tso's chicken,peking duck,kung pao chicken,mapo tofu,sweet and sour pork,hot pot,chow mein,zongzi,beef and broccoli,char siu,chicken tikka masala,butter chicken,biryani,rogan josh,paneer tikka,chana masala,tandoori chicken,vindaloo,shawarma,kofta,tabbouleh,shakshuka,falafel,mansaf,kibbeh,moussaka,souvlaki,dolma,spanakopita,gyros,stifado,fasolada,kleftiko,bibimbap,kimchi jjigae,bulgogi,samgyeopsal,sundubu jjigae,galbi,naengmyeon,dakgalbi,sushi,ramen,shrimp tempura,tonkatsu,yakitori,udon,okonomiyaki,shabu-shabu,donburi,pad thai,green curry,massaman curry,khao soi,larb,tom kha gai,shepard's pie,fish and chips,poke,huli huli,pho,chili,tomato soup with grilled cheese,chicken noodle soup,minestrone soup,french onion soup,clam chowder soup,cream of mushroom soup,lentil soup,broccoil and cheddar soup,tortilla soup,cobb salad,caesar salad,italian salad,taco salad,greek salad,fattoush salad,wedge salad,pasta salad,po boy,reuben sandwich,club sandwich,philly cheesesteak,fried chicken sandwich,pulled pork sandwich,blt,french dip,italian sandwich,sloppy joe,meatball sub
-1,1,0,1,1,0,1,0,1,0,0,0,0,1,0,1,0,-1,0,0,1,0,1,-1,-1,-1,-1,0,1,-1,-1,0,0,0,-1,0,-1,1,0,-1,0,1,0,0,1,-1,1,-1,0,0,1,0,0,1,1,0,1,0,1,0,1,1,0,-1,-1,0,0,0,1,0,-1,1,-1,0,0,1,-1,1,0,-1,0,0,0,1,1,0,0,0,1,-1,0,0,1,0,-1,0,0,-1,1,1,-1,1,-1,1,0,0,0,0,0,-1,-1,-1,0,0,0,0,1,-1,-1,1,0,0,0,0,1,1,0,0,1,1,1,0
-2,1,1,0,0,0,0,-1,1,0,0,-1,1,0,0,1,0,-1,1,1,0,0,0,-1,-1,-1,1,0,1,-1,0,1,0,0,-1,0,0,-1,1,-1,0,1,1,0,0,0,1,-1,1,0,0,1,1,1,1,-1,0,0,0,0,1,-1,0,0,-1,1,0,-1,0,0,-1,0,0,-1,-1,0,-1,-1,-1,0,0,-1,0,-1,0,0,0,-1,0,0,-1,-1,0,0,0,-1,-1,-1,1,1,-1,1,-1,0,0,1,0,0,-1,-1,0,-1,0,0,0,1,1,-1,0,0,1,1,1,0,1,0,1,0,0,0,1,0
-3,0,0,0,1,0,1,0,0,1,-1,-1,0,0,-1,1,0,0,0,0,1,-1,1,-1,1,1,0,-1,0,1,1,0,1,1,0,-1,0,-1,1,0,-1,0,1,0,-1,0,-1,1,0,1,0,0,0,0,1,0,0,-1,1,1,0,1,-1,1,0,1,0,0,1,0,-1,1,0,1,0,1,1,0,0,1,0,0,-1,0,0,-1,0,1,0,0,1,1,1,0,1,0,0,1,1,-1,-1,1,1,1,1,0,-1,0,0,0,0,0,1,-1,0,1,1,1,0,0,0,0,0,0,1,1,1,0,1,-1,0,0
-4,0,0,1,1,1,0,0,0,1,1,0,0,1,-1,1,0,0,-1,0,0,1,0,1,1,1,0,1,1,0,1,0,0,1,1,-1,1,-1,0,0,1,0,0,0,0,-1,0,-1,1,0,1,1,0,0,1,-1,1,0,0,1,1,0,0,1,1,0,-1,0,0,-1,1,1,-1,0,0,0,-1,0,0,-1,-1,0,-1,0,0,1,1,0,1,-1,0,0,1,0,0,1,0,-1,-1,1,-1,1,-1,0,0,1,0,1,0,-1,1,0,0,0,-1,0,1,-1,0,0,-1,0,0,1,1,0,1,0,0,1,0,1
-5,0,1,0,0,0,0,-1,1,1,1,0,1,0,0,0,0,1,0,1,0,-1,1,0,-1,1,-1,-1,1,1,1,1,0,0,0,0,0,-1,1,1,-1,0,0,1,-1,0,0,-1,0,0,1,1,1,0,-1,-1,0,-1,0,0,0,1,-1,-1,-1,0,0,0,1,0,0,1,-1,0,-1,1,-1,0,0,-1,1,0,0,0,1,0,1,0,0,0,-1,1,0,-1,-1,1,0,0,1,1,-1,1,-1,1,0,1,0,1,0,-1,0,0,0,1,1,0,0,0,0,-1,1,-1,0,0,0,0,-1,1,1,1,0,0
-6,0,0,0,1,0,0,0,-1,1,1,1,0,1,0,1,0,0,0,1,1,0,1,1,1,1,1,0,0,1,0,1,1,1,0,1,0,0,1,0,1,1,1,1,0,1,0,0,0,0,1,1,0,1,0,0,1,0,1,1,1,0,1,0,1,0,1,-1,0,0,1,1,1,0,0,0,1,0,1,1,0,0,1,0,1,0,1,0,1,1,0,0,0,1,1,1,0,0,-1,1,-1,1,1,0,0,1,-1,1,1,0,0,0,0,0,0,1,1,1,0,0,-1,-1,0,0,1,1,0,1,0,0,0,1
-7,0,0,0,0,1,1,0,1,1,1,0,1,1,0,0,0,0,0,1,1,1,0,-1,0,-1,1,1,0,1,1,1,0,1,0,1,0,0,1,1,0,1,1,0,1,-1,0,-1,1,0,0,0,1,1,0,0,1,1,0,0,0,0,0,1,-1,-1,1,0,1,-1,1,0,0,0,1,1,0,0,0,-1,0,-1,1,0,0,0,0,1,1,1,-1,0,0,1,0,-1,1,0,1,1,1,1,1,0,1,1,-1,0,0,0,0,1,0,0,1,0,0,-1,1,1,0,1,1,1,1,0,0,0,1,0,0,0
-8,1,0,0,0,1,0,1,1,0,1,0,0,1,0,0,0,1,1,0,1,0,1,1,0,1,1,1,1,1,0,0,1,0,-1,1,1,0,0,-1,1,0,1,0,0,0,0,-1,1,1,1,0,1,0,1,0,0,0,1,1,1,1,0,-1,0,0,-1,0,0,0,-1,1,0,-1,1,1,0,0,1,-1,0,1,0,1,0,1,1,0,0,1,0,0,0,0,-1,0,-1,-1,1,1,1,1,1,0,0,1,1,0,-1,0,0,0,1,1,0,0,0,0,1,1,1,0,1,1,0,1,0,0,1,0,0,1
-9,1,0,1,1,0,-1,0,0,0,-1,0,1,0,0,0,0,1,0,1,-1,1,0,-1,0,-1,0,-1,1,0,0,1,-1,1,0,0,0,-1,-1,-1,-1,0,1,0,1,0,0,-1,1,-1,0,0,0,1,1,0,0,1,0,1,1,0,0,-1,0,1,1,1,0,0,1,1,0,0,-1,1,0,1,-1,0,0,-1,0,1,1,0,1,1,0,0,0,0,0,1,0,0,1,1,1,1,1,1,-1,1,0,0,0,0,0,-1,0,1,1,1,0,1,1,1,0,0,0,1,0,0,-1,0,1,1,0,0,0,1
-10,0,0,-1,0,0,0,-1,-1,1,-1,0,-1,0,0,0,-1,0,0,-1,-1,0,1,-1,1,-1,-1,0,1,-1,1,0,1,0,0,0,0,-1,-1,0,-1,1,1,-1,0,0,0,0,1,1,0,-1,0,0,0,0,1,1,-1,1,-1,-1,0,1,0,-1,0,0,0,0,0,1,-1,-1,-1,0,0,-1,-1,-1,-1,0,0,-1,1,0,0,1,0,1,0,0,1,-1,0,-1,0,0,-1,1,1,-1,-1,0,0,-1,0,0,-1,-1,0,0,-1,-1,0,0,1,-1,0,-1,0,0,0,-1,0,0,0,1,-1,-1,-1,0
-11,0,1,1,1,0,0,0,0,1,0,1,0,1,0,0,0,0,1,1,0,1,1,1,1,1,0,1,1,1,0,1,0,0,1,0,0,1,1,0,1,1,1,1,0,0,1,1,0,0,1,0,0,0,0,1,1,1,1,0,1,1,1,0,1,0,0,1,0,1,0,0,1,0,1,1,0,1,0,1,1,0,0,1,0,0,0,0,1,1,0,1,1,0,1,1,0,0,1,1,1,1,1,0,0,1,0,0,0,1,1,0,1,0,0,0,1,1,1,1,0,1,0,1,1,1,0,1,0,0,0,0
-12,0,-1,0,-1,0,0,0,-1,0,-1,1,1,-1,-1,0,0,0,1,1,0,0,0,0,-1,-1,-1,-1,0,0,1,0,1,1,-1,-1,0,0,-1,0,-1,1,1,0,0,-1,0,-1,1,-1,0,0,1,1,0,-1,0,0,0,-1,0,1,-1,-1,0,-1,0,-1,1,0,0,0,0,-1,-1,1,-1,0,-1,0,0,0,-1,0,0,0,1,0,1,-1,-1,0,1,0,-1,0,-1,0,-1,-1,1,1,1,0,1,0,0,1,1,0,-1,0,0,1,1,0,1,1,0,0,0,0,-1,0,0,1,1,0,0,1,-1,0
-13,0,0,1,1,0,1,-1,0,0,0,1,0,0,0,1,1,1,1,0,0,-1,0,1,1,1,0,-1,0,0,1,1,1,0,1,0,0,0,-1,1,-1,1,0,1,0,0,0,1,0,1,1,1,1,0,1,1,0,-1,0,0,0,1,0,1,-1,0,1,1,0,0,0,1,0,1,-1,1,1,1,0,1,0,0,0,0,1,-1,0,0,1,0,1,0,1,1,0,0,0,1,1,-1,-1,1,1,0,0,0,-1,1,0,1,0,0,1,0,1,1,0,-1,-1,0,0,0,1,0,0,1,0,-1,0,-1,1,0
-14,0,1,0,1,0,1,0,0,0,1,1,0,1,0,1,0,0,-1,1,0,0,1,-1,-1,0,-1,-1,0,1,0,1,0,1,1,0,0,1,-1,-1,1,0,0,1,1,-1,0,0,1,0,0,1,1,0,0,0,1,-1,0,-1,-1,1,1,1,0,0,0,0,1,0,-1,0,1,0,1,0,-1,0,0,-1,0,-1,-1,1,1,1,0,0,0,1,0,0,0,0,1,-1,0,-1,-1,1,1,1,1,0,-1,1,1,0,1,0,0,0,0,1,0,1,0,1,1,0,0,0,0,0,1,1,1,0,1,1,0,0
-15,1,1,0,1,0,0,1,0,0,0,1,1,0,-1,0,0,1,1,0,1,0,0,0,1,1,-1,1,1,0,1,1,1,0,0,1,0,0,0,1,-1,1,1,0,1,0,1,0,1,0,0,1,0,0,0,-1,-1,1,1,0,0,1,1,0,0,-1,-1,0,1,-1,0,0,-1,0,-1,0,0,1,0,1,-1,0,1,0,0,1,0,1,0,1,-1,0,0,1,1,0,0,-1,-1,1,1,-1,1,0,1,1,0,1,0,0,0,0,1,-1,1,1,1,0,0,0,0,0,0,0,0,0,1,1,1,0,1,1
-16,0,1,-1,1,0,0,1,0,0,0,1,1,0,-1,0,0,1,0,0,0,0,-1,1,-1,0,1,1,-1,0,1,1,0,0,1,0,0,-1,1,-1,1,0,1,0,-1,1,0,0,0,-1,1,0,0,0,1,0,-1,1,1,0,0,1,0,1,-1,0,1,0,1,0,1,1,0,1,0,0,-1,1,0,0,1,0,1,-1,0,1,0,0,-1,0,0,1,-1,0,1,-1,0,0,1,1,-1,-1,1,0,0,1,-1,1,0,1,0,0,0,0,0,-1,0,-1,1,1,0,0,1,0,0,1,1,0,1,0,1,0
-17,0,1,0,1,0,1,1,0,1,0,0,0,1,1,0,0,1,1,0,0,1,0,1,-1,1,0,1,1,0,1,0,0,0,1,1,1,0,1,0,1,0,1,0,0,0,1,0,1,-1,0,1,0,1,0,0,1,-1,0,1,1,1,1,0,0,1,0,-1,1,1,0,0,0,1,0,0,1,1,0,0,1,0,1,0,1,1,0,1,0,0,0,1,0,0,0,1,1,1,1,1,1,1,1,1,0,0,0,0,1,0,0,1,1,0,1,0,0,0,1,1,1,1,0,1,0,1,0,1,0,0,1,0
-18,0,0,1,1,0,1,0,1,0,0,1,0,1,-1,1,0,1,1,0,0,0,0,-1,1,-1,1,0,1,0,1,1,0,0,1,0,-1,-1,1,0,1,0,1,-1,0,0,1,0,1,0,0,1,1,0,1,1,0,0,-1,0,1,1,1,1,0,0,0,1,0,0,1,1,0,-1,0,-1,0,0,0,0,1,-1,-1,-1,0,0,1,0,0,1,-1,0,1,-1,0,0,0,-1,1,1,-1,1,-1,-1,0,0,-1,0,0,-1,-1,0,0,1,1,1,0,0,1,0,0,1,0,1,0,0,0,0,0,1,1,1
-19,1,0,0,1,0,0,0,1,1,0,1,0,0,-1,1,0,0,1,1,0,1,0,-1,1,1,0,-1,0,0,0,1,1,1,1,0,-1,1,0,1,-1,0,0,1,-1,1,-1,0,0,0,0,1,1,1,0,1,0,0,1,0,1,0,-1,1,1,0,0,0,0,0,-1,1,1,1,0,0,0,1,0,1,1,0,1,-1,0,-1,1,0,1,0,0,0,1,0,1,0,-1,0,1,-1,-1,1,1,1,1,1,0,0,0,0,1,0,0,0,0,1,0,-1,0,-1,1,1,0,0,1,0,1,0,1,-1,0,0
-20,0,0,0,1,1,1,0,0,1,0,1,1,0,1,1,0,0,1,0,0,0,1,-1,1,1,0,1,1,0,0,0,1,-1,1,0,0,1,0,1,1,1,1,0,0,1,1,0,0,0,1,1,0,0,1,0,1,0,1,1,0,0,1,1,0,1,1,1,0,0,1,0,0,1,-1,1,0,1,1,1,0,0,0,0,1,1,0,0,1,0,1,0,0,-1,0,1,0,-1,1,1,-1,1,1,1,0,0,0,1,1,0,1,0,0,0,0,1,0,-1,0,-1,-1,0,1,0,1,1,0,1,0,1,0,0
-21,1,0,0,1,0,1,1,0,1,0,0,0,0,-1,0,0,1,1,0,1,0,1,1,0,1,1,1,1,0,1,0,0,1,1,1,1,1,0,0,1,0,0,0,0,1,0,1,1,0,1,1,1,0,1,1,0,0,1,0,1,0,0,1,1,1,0,0,0,1,1,0,0,1,1,1,0,0,1,0,1,1,0,0,0,0,0,0,1,1,1,0,1,1,0,1,0,0,1,1,1,1,-1,1,1,0,0,0,0,0,0,0,1,1,0,0,0,1,0,1,1,0,1,0,0,0,0,1,1,1,1,0
-22,0,1,1,1,0,0,0,1,1,0,0,0,0,-1,1,0,1,0,0,1,0,1,0,-1,1,-1,1,0,1,1,1,0,1,0,0,1,1,0,1,0,1,1,0,0,0,0,1,1,1,1,0,1,1,0,0,0,-1,1,0,0,0,1,1,1,1,0,1,0,0,1,1,0,-1,0,-1,-1,0,1,0,1,0,0,0,1,0,0,0,1,1,0,1,1,0,0,1,0,-1,1,1,-1,1,1,1,0,1,0,1,0,0,-1,0,0,0,1,0,1,-1,0,-1,0,0,1,1,1,0,0,0,1,0,1,0
-23,-1,0,0,0,-1,0,0,-1,1,0,-1,0,1,0,-1,0,1,0,0,1,-1,0,-1,-1,-1,0,-1,0,0,1,-1,-1,0,-1,0,1,-1,1,-1,0,0,1,1,1,0,1,0,0,0,1,0,1,1,1,0,-1,0,0,0,0,0,1,0,1,1,1,-1,0,-1,0,-1,0,0,-1,1,1,0,0,0,-1,1,0,-1,-1,-1,0,0,0,-1,0,0,1,1,0,1,0,0,-1,-1,1,-1,-1,-1,0,1,0,0,0,-1,1,0,0,1,0,1,0,1,1,0,0,0,0,-1,-1,-1,0,0,-1,-1,0,0
-24,1,0,1,0,0,1,0,0,1,0,1,1,1,1,0,1,0,0,1,0,0,0,0,1,1,1,1,1,1,0,1,0,1,0,0,1,1,1,0,1,0,1,0,0,0,1,1,1,0,1,0,0,1,1,1,0,1,0,0,0,1,1,1,0,1,0,1,1,0,0,1,1,0,0,1,0,1,0,0,0,1,1,1,0,0,0,1,1,1,0,0,1,1,1,0,0,0,1,1,-1,1,1,1,0,0,0,1,0,1,0,0,1,0,0,1,1,1,1,0,0,0,0,0,1,1,0,0,1,1,0,1
-25,0,0,-1,0,1,0,-1,0,1,1,0,0,0,0,1,1,1,1,0,0,0,1,1,-1,-1,0,1,1,1,0,1,0,-1,0,0,1,0,1,0,1,-1,1,1,1,0,0,1,0,0,1,0,1,1,0,1,-1,0,0,0,1,0,0,1,-1,-1,0,1,1,0,0,1,1,0,0,1,0,0,1,1,1,0,0,0,0,0,0,1,0,1,1,1,0,-1,1,1,0,0,1,1,1,1,1,0,-1,0,0,0,0,-1,-1,1,0,1,1,1,0,0,1,0,0,0,0,1,1,1,1,0,0,1,0,0
-26,1,0,0,0,0,1,1,0,-1,1,0,-1,1,-1,0,0,0,0,1,1,0,0,1,1,1,-1,0,0,0,1,0,1,1,1,0,-1,0,1,-1,1,0,0,-1,1,0,1,0,0,0,1,1,0,0,1,-1,1,0,0,1,0,0,-1,0,-1,1,0,0,1,-1,0,0,0,-1,-1,1,0,0,1,-1,0,0,-1,0,1,0,1,0,1,0,0,1,1,-1,0,0,-1,0,1,1,-1,1,1,0,0,1,0,0,1,0,1,0,-1,0,0,-1,-1,0,-1,0,-1,0,0,1,-1,0,0,0,0,1,1,1
-27,1,1,0,0,1,0,1,0,1,0,0,1,1,-1,0,0,0,0,1,0,1,0,1,0,1,-1,1,0,0,1,1,1,0,0,1,0,1,1,0,0,1,0,-1,1,1,0,0,0,-1,0,-1,0,1,0,0,1,1,0,0,1,0,1,0,1,1,0,1,0,-1,1,0,0,0,1,0,0,0,-1,1,-1,-1,0,0,1,1,0,0,0,0,-1,1,1,1,0,0,0,1,1,-1,1,1,-1,0,1,0,1,0,0,0,1,0,1,1,1,0,0,0,0,1,1,0,1,1,0,0,1,0,1,0,1,0
-28,1,0,0,-1,1,0,0,-1,0,0,1,0,0,0,0,0,-1,1,0,1,1,1,-1,-1,-1,-1,0,0,1,1,1,1,0,0,1,0,0,-1,0,1,-1,1,0,1,0,1,-1,1,0,0,0,1,0,0,-1,0,-1,-1,0,0,1,1,1,-1,0,0,-1,0,-1,0,0,0,-1,0,0,-1,0,0,-1,0,-1,-1,0,0,-1,0,1,1,0,-1,0,1,0,0,0,1,0,1,-1,-1,1,1,0,0,0,1,0,-1,0,0,1,-1,0,0,-1,1,0,0,-1,1,0,1,0,0,0,1,1,1,0,0,1
-29,1,0,0,0,-1,1,0,1,0,1,0,0,0,1,0,0,0,1,1,1,0,1,1,1,1,1,0,1,0,0,1,1,0,1,1,1,0,0,0,1,1,0,1,1,0,1,0,0,1,0,1,1,0,0,0,1,1,1,0,1,0,0,1,0,1,1,1,0,1,0,0,1,0,1,0,1,0,1,1,1,0,0,1,0,1,0,0,0,1,1,0,0,0,0,1,1,1,1,-1,1,1,1,0,1,0,0,1,1,0,1,0,0,0,1,0,1,0,0,1,1,0,0,1,0,0,1,0,0,1,1,1
-30,0,1,0,1,0,0,0,0,1,1,1,0,1,0,0,1,1,0,1,0,0,1,0,1,-1,1,1,0,1,0,1,0,1,1,0,0,1,1,0,1,1,0,0,1,0,1,1,0,1,0,1,1,0,1,1,0,0,0,1,0,1,-1,-1,0,0,1,-1,1,0,0,-1,0,-1,0,0,-1,0,0,-1,1,1,0,0,1,0,0,0,1,1,1,0,0,0,1,1,1,0,-1,1,1,1,1,0,-1,0,-1,0,-1,-1,0,0,0,-1,-1,0,0,0,0,-1,-1,0,-1,0,-1,1,1,0,-1,0,0,0
-31,0,0,0,1,0,1,1,0,0,-1,1,0,1,-1,1,0,-1,0,1,0,0,0,0,-1,-1,1,-1,-1,0,0,0,1,1,1,1,1,0,-1,0,0,-1,0,0,1,0,1,0,1,0,1,1,-1,0,0,0,1,-1,0,1,1,0,0,-1,-1,-1,0,-1,1,0,-1,1,0,0,0,0,-1,0,1,-1,0,1,0,1,0,0,0,0,1,-1,0,1,1,-1,0,0,0,-1,-1,1,1,1,1,0,0,-1,0,0,1,-1,0,0,-1,-1,0,0,-1,-1,0,0,-1,-1,0,0,0,0,1,-1,1,1,0,0
-32,0,0,1,0,1,0,1,0,1,1,0,0,0,-1,0,1,0,0,1,0,1,1,0,1,1,-1,1,1,0,0,1,1,1,0,0,1,0,0,1,1,1,0,1,1,0,0,0,0,-1,1,1,0,1,1,1,0,0,0,1,1,1,0,1,1,0,0,0,0,-1,1,0,0,1,1,0,0,1,1,1,0,-1,0,0,0,0,1,0,1,0,1,1,1,0,0,1,0,1,1,1,-1,1,-1,1,0,0,1,0,0,1,0,0,1,1,1,0,1,0,0,-1,0,1,1,0,0,1,1,1,0,0,0,0
-33,-1,1,0,0,1,0,0,0,1,1,0,-1,1,0,0,1,-1,-1,0,0,0,0,1,-1,1,-1,0,0,-1,0,0,-1,1,1,0,1,0,-1,0,1,1,0,1,1,0,0,0,0,1,1,1,0,-1,0,0,-1,-1,1,0,0,0,1,1,-1,0,-1,0,1,1,1,0,0,1,0,1,0,0,1,0,0,1,1,1,1,0,0,1,0,1,0,0,1,-1,0,0,-1,0,1,1,1,1,1,-1,0,1,-1,0,1,0,0,0,0,-1,0,1,0,0,1,0,1,0,0,1,-1,-1,0,-1,0,0,0,-1
-34,0,1,1,0,0,0,0,1,1,0,-1,-1,0,1,-1,0,-1,0,0,1,0,0,1,0,1,1,1,1,-1,0,1,0,0,1,1,0,0,0,-1,-1,-1,0,1,1,-1,0,1,1,0,0,0,-1,0,1,-1,0,-1,0,0,0,0,-1,1,-1,1,0,1,1,0,0,0,-1,-1,0,1,0,0,1,1,0,0,1,1,0,0,1,1,0,1,0,0,0,0,-1,1,0,1,1,1,1,1,1,-1,1,0,0,0,0,0,-1,-1,0,-1,1,0,-1,1,0,0,0,-1,0,1,-1,-1,0,0,0,0,0,-1
-35,0,0,1,0,1,0,0,1,0,1,1,0,1,-1,1,0,0,1,0,0,0,1,1,0,-1,1,1,1,1,0,0,0,1,1,0,1,0,-1,0,1,1,1,1,1,1,1,0,0,0,0,0,0,1,0,1,0,1,1,0,1,0,1,1,-1,0,0,0,0,-1,0,1,-1,0,1,0,-1,1,0,-1,0,-1,0,0,0,1,0,0,1,1,0,1,0,0,-1,1,0,1,1,1,1,1,1,0,1,0,0,-1,-1,-1,0,0,0,0,1,0,1,0,1,1,0,0,1,0,0,1,0,0,1,1,-1,0
-36,1,0,1,0,1,0,0,0,1,1,0,0,0,0,0,0,0,0,0,0,0,0,1,-1,1,1,0,0,-1,1,0,1,1,0,0,1,1,1,0,0,1,0,1,0,1,0,0,0,1,1,1,0,1,0,1,-1,1,0,0,1,0,0,0,1,1,1,1,0,0,1,0,1,-1,0,0,1,1,1,1,0,0,0,0,0,1,1,0,1,0,0,1,0,-1,0,0,1,-1,1,1,1,1,1,0,-1,1,0,0,0,1,0,0,-1,0,1,-1,-1,1,0,0,0,1,0,0,-1,0,0,1,0,1,-1,0
-37,1,-1,0,0,0,0,1,0,0,-1,-1,0,1,0,0,0,-1,0,0,-1,1,1,0,1,1,1,-1,1,0,0,0,-1,1,1,0,0,1,1,0,-1,-1,0,0,1,0,1,1,-1,0,0,-1,0,0,-1,0,1,-1,0,-1,0,1,1,1,0,0,1,0,1,1,0,0,-1,1,0,1,-1,1,0,0,0,0,-1,1,0,1,1,0,0,0,0,1,1,0,0,1,1,0,-1,-1,1,1,1,1,1,0,0,1,0,0,0,0,1,1,0,1,0,0,0,-1,1,0,1,0,-1,1,0,1,1,0,0,0
-38,0,1,0,1,0,0,0,1,0,1,1,1,1,0,0,1,0,0,1,0,0,1,1,-1,0,-1,1,1,0,1,1,0,1,0,1,0,1,0,0,1,-1,1,1,1,0,0,1,0,1,0,0,1,-1,1,0,1,0,0,0,0,-1,1,0,-1,-1,0,-1,0,0,1,-1,-1,0,0,0,1,0,1,0,-1,1,0,0,0,0,0,1,1,0,-1,1,1,0,0,-1,1,0,1,-1,1,1,1,0,0,0,1,0,0,-1,1,0,1,1,1,0,0,0,1,0,1,0,1,0,0,0,-1,1,0,1,-1,0
-39,0,0,-1,1,1,0,0,-1,1,0,0,0,0,-1,-1,-1,0,-1,0,0,1,0,1,-1,-1,1,0,1,0,0,0,-1,1,1,0,0,1,-1,0,1,-1,0,0,-1,0,-1,0,0,-1,-1,1,0,0,1,-1,1,-1,0,0,-1,-1,-1,0,0,0,-1,-1,0,0,-1,0,-1,-1,0,1,1,0,0,1,-1,0,0,0,1,0,0,1,1,0,1,0,1,0,0,1,-1,0,-1,1,1,1,1,0,0,1,-1,-1,0,0,0,-1,0,-1,0,1,-1,-1,0,0,0,0,-1,1,0,1,0,1,-1,0,0,0
-40,0,0,0,1,1,0,0,1,0,1,1,1,0,0,0,1,0,1,1,1,0,0,1,1,0,1,1,1,1,1,0,0,1,0,1,1,1,0,1,0,0,1,1,0,0,1,0,1,1,0,0,0,0,1,0,1,1,0,1,1,1,1,0,1,0,0,0,1,1,0,1,0,0,1,1,0,0,1,0,1,1,0,1,0,0,0,1,0,1,0,1,1,0,0,1,1,0,1,1,1,1,1,1,1,0,1,0,0,0,1,0,0,1,0,1,0,0,1,1,0,1,0,0,0,1,1,0,0,0,1,1
-41,0,1,1,1,0,0,0,-1,0,0,1,1,0,0,1,0,0,1,-1,0,1,0,0,-1,-1,-1,1,1,1,0,0,1,-1,0,-1,1,1,-1,0,0,0,0,1,1,0,1,0,0,1,1,0,0,1,0,0,1,-1,1,0,-1,-1,0,0,0,1,-1,0,1,-1,-1,0,0,-1,0,0,0,0,1,0,1,-1,1,1,0,0,1,0,1,1,0,0,1,-1,0,0,1,0,-1,1,1,1,-1,0,1,1,0,-1,0,0,-1,0,0,1,1,1,0,0,0,0,1,0,0,0,0,0,0,1,1,1,-1,1
-42,0,1,1,0,0,0,1,1,-1,0,0,1,0,0,0,-1,1,0,-1,1,0,0,0,1,-1,1,1,1,1,0,0,-1,1,0,0,0,0,1,1,-1,1,0,0,1,1,0,1,1,0,1,0,1,1,0,0,0,0,1,1,0,-1,0,-1,0,-1,1,-1,0,-1,0,0,-1,-1,0,0,-1,1,1,0,0,0,1,0,1,1,0,1,0,0,0,1,0,0,-1,0,1,-1,1,1,-1,1,1,0,0,1,-1,-1,0,0,0,0,-1,0,1,-1,0,0,-1,0,1,0,1,0,1,0,1,1,1,0,0,0
-43,0,1,1,0,1,0,0,-1,0,1,0,1,0,0,0,1,0,1,1,0,1,0,1,1,-1,0,1,1,1,0,1,1,0,0,1,0,1,1,0,0,1,1,1,0,0,1,1,1,0,0,0,1,0,1,1,0,0,1,0,0,1,0,0,1,-1,1,0,1,-1,0,1,1,0,0,1,1,1,1,0,0,0,0,1,0,1,0,1,0,1,0,0,1,-1,1,0,0,0,-1,1,1,1,1,0,0,0,1,0,0,1,-1,0,1,1,1,0,1,0,0,0,1,0,0,0,1,0,1,1,0,0,1,1
-44,1,1,0,0,0,1,1,0,0,0,1,0,1,-1,0,0,0,1,1,0,0,1,-1,-1,-1,-1,0,0,1,0,1,1,-1,0,1,-1,0,0,-1,0,-1,1,0,0,0,0,1,0,-1,1,-1,0,1,0,1,0,1,1,0,1,0,-1,0,-1,0,-1,0,0,-1,-1,0,1,0,1,1,0,0,1,1,0,-1,0,0,1,1,0,1,1,0,0,0,1,-1,0,0,0,-1,-1,1,-1,1,1,0,0,0,-1,0,-1,0,1,0,1,1,0,-1,1,-1,0,0,0,0,0,-1,0,1,1,0,0,-1,0,1
-45,1,0,-1,0,0,0,0,-1,0,-1,1,0,0,1,1,0,1,1,0,1,0,0,1,-1,1,0,1,0,1,1,-1,0,1,0,0,0,0,1,-1,1,-1,1,0,1,0,1,1,1,0,0,0,1,1,0,0,1,1,0,0,0,-1,0,1,1,0,-1,0,0,0,1,1,0,1,1,1,1,0,1,1,0,0,0,0,1,1,0,1,0,1,0,0,0,1,0,1,0,1,1,-1,1,1,1,1,0,1,0,0,1,0,0,0,-1,0,0,1,1,1,0,-1,0,0,0,1,0,0,1,1,0,1,1,0
-46,1,1,0,0,0,0,1,-1,0,1,0,1,0,0,1,1,0,0,0,1,0,1,1,0,1,1,1,0,1,1,-1,0,1,0,1,1,0,1,0,1,0,0,1,1,1,0,0,1,1,0,0,1,1,0,0,1,0,1,0,1,1,1,0,1,0,0,1,0,0,1,1,0,0,1,0,0,0,1,1,1,1,0,1,0,1,0,1,0,1,0,0,1,0,1,0,1,0,-1,-1,1,1,1,0,0,0,-1,0,1,1,0,0,1,-1,0,0,1,1,0,0,-1,0,0,1,1,-1,0,0,0,-1,1,0
-47,0,0,0,1,1,-1,0,0,1,1,0,0,0,0,0,1,1,0,1,0,1,1,1,-1,1,1,0,1,1,0,-1,0,1,0,0,1,1,1,-1,0,0,1,1,0,0,1,1,0,0,0,1,1,1,1,0,0,0,0,1,0,0,1,1,1,1,0,0,1,0,0,0,1,1,1,0,1,0,1,1,1,0,0,1,1,0,1,1,0,0,0,0,1,0,1,0,0,1,-1,-1,1,1,1,1,0,0,0,0,1,0,1,1,0,-1,1,0,1,0,1,0,0,0,0,1,1,-1,0,0,1,1,0,0
-48,1,1,-1,1,0,0,0,0,0,0,1,0,0,0,1,1,1,0,0,1,0,1,0,-1,1,1,1,1,1,0,0,0,1,1,1,0,1,0,-1,1,0,1,0,1,1,0,1,0,0,1,0,1,0,1,0,1,1,0,0,0,1,0,1,1,1,0,0,0,1,1,1,0,1,0,0,1,1,1,0,0,0,1,0,1,0,0,0,0,1,1,1,0,1,1,0,0,1,-1,-1,1,-1,1,0,0,0,-1,1,1,0,0,-1,0,-1,0,1,1,0,1,0,0,0,0,0,1,-1,1,0,0,1,1,0
-49,1,0,0,1,0,0,1,0,0,-1,1,1,1,0,1,0,1,0,0,1,0,0,1,0,1,1,1,1,1,0,0,0,1,1,1,1,0,0,-1,1,0,1,0,1,1,1,1,0,0,0,0,1,1,0,0,0,1,0,1,1,1,1,0,0,1,0,1,1,0,0,1,-1,0,0,1,0,0,1,0,1,0,1,1,0,1,0,1,0,0,1,0,0,0,1,1,0,1,-1,-1,1,1,1,0,1,-1,0,0,0,1,0,-1,0,-1,0,1,1,1,0,0,0,0,0,1,0,0,1,1,0,1,1,0
-50,0,0,1,1,0,-1,0,0,0,1,1,0,1,0,1,0,1,0,1,0,0,1,1,-1,1,0,1,1,0,1,0,0,1,1,0,0,1,1,-1,1,0,0,1,0,1,1,0,0,0,1,1,1,1,0,0,1,0,0,1,1,0,0,1,0,1,1,0,1,0,0,0,1,1,1,1,0,0,1,1,0,0,1,0,0,1,0,1,0,1,1,0,1,0,0,1,0,1,-1,-1,1,1,1,0,1,0,1,1,0,0,0,0,-1,0,1,-1,0,0,0,-1,1,1,1,0,0,0,0,1,1,1,0,0
-51,0,-1,0,0,1,1,0,0,1,0,1,0,1,0,0,0,-1,0,1,1,0,1,1,1,0,-1,1,1,1,0,1,-1,0,0,1,1,1,0,0,-1,0,0,0,1,0,0,1,0,-1,1,1,0,1,0,0,1,1,0,1,0,1,0,1,1,0,0,1,0,0,1,1,0,1,0,0,0,1,0,0,-1,1,1,1,1,0,1,0,0,0,1,0,0,1,-1,0,-1,0,1,-1,1,1,1,0,1,1,0,0,-1,0,0,-1,0,-1,0,1,0,0,1,0,1,0,0,0,-1,0,-1,0,1,1,1,0
-52,0,1,0,1,0,0,1,1,0,-1,0,1,0,0,0,0,1,0,1,1,0,1,-1,0,1,1,1,0,1,1,1,0,1,0,0,1,-1,1,0,0,1,0,0,1,0,1,1,0,0,1,1,1,0,1,0,1,1,0,0,1,1,0,0,1,1,0,0,0,0,1,0,1,-1,1,1,1,1,1,0,0,0,0,0,1,0,1,0,0,1,1,0,1,0,1,1,0,0,1,1,1,1,1,-1,0,0,0,0,0,1,0,1,1,0,0,1,1,1,0,1,0,0,1,0,-1,1,0,0,0,1,1,0
-53,1,0,1,0,0,0,1,1,0,1,0,1,0,0,0,0,-1,1,0,1,1,0,-1,0,1,1,1,0,1,1,1,0,0,1,0,0,-1,0,1,1,1,1,0,0,0,-1,0,0,-1,1,1,1,1,1,0,0,0,1,0,1,1,-1,0,1,0,0,0,0,0,0,1,1,1,1,0,0,0,0,1,1,1,1,1,0,1,0,0,1,0,1,0,1,0,1,0,0,-1,1,-1,1,1,1,0,0,0,-1,0,0,1,-1,1,0,0,0,1,1,-1,-1,0,0,0,0,0,0,1,1,1,1,0,1,0
-54,-1,1,0,-1,0,0,1,-1,0,0,0,-1,0,0,-1,0,-1,-1,0,0,0,1,-1,-1,-1,-1,0,1,-1,0,1,0,1,0,1,1,-1,0,0,-1,0,1,0,0,0,-1,1,-1,1,0,0,1,0,0,-1,0,0,1,1,0,1,1,1,0,-1,0,0,1,-1,0,0,-1,1,0,0,1,-1,0,0,-1,1,0,0,1,0,0,0,1,1,0,-1,0,1,1,1,0,0,-1,1,1,-1,1,0,0,1,1,0,0,-1,0,1,0,0,0,1,-1,1,1,0,0,0,-1,0,0,1,-1,1,0,1,0,0
-55,1,0,1,1,0,1,0,-1,0,0,0,0,0,-1,0,1,-1,0,0,1,1,0,-1,-1,-1,0,1,1,0,0,0,1,1,-1,0,1,1,0,0,1,1,0,-1,1,0,0,0,0,-1,1,-1,0,0,1,0,1,0,1,1,1,0,0,0,-1,1,-1,-1,1,0,0,1,0,1,0,0,0,1,0,0,1,-1,-1,1,1,0,1,0,0,0,-1,0,1,0,1,0,1,0,-1,1,-1,1,1,1,0,-1,0,-1,0,0,1,0,0,-1,-1,-1,0,0,0,0,1,0,0,0,1,1,-1,0,0,-1,0,1
-56,0,0,0,-1,0,1,-1,1,0,0,1,0,1,1,0,0,1,0,0,-1,1,0,1,1,-1,0,1,0,0,1,1,0,1,1,0,1,-1,0,0,1,-1,0,-1,0,1,0,1,1,0,-1,0,1,0,0,0,1,1,0,-1,1,0,0,1,0,1,-1,0,0,-1,0,1,-1,1,0,0,0,1,0,0,-1,1,1,1,0,0,0,0,1,1,0,1,1,1,0,0,1,0,-1,1,-1,1,1,0,1,1,0,0,0,0,-1,0,1,-1,0,0,1,1,1,0,0,0,-1,0,1,0,0,-1,-1,0,-1,0
-57,1,0,1,0,1,0,0,1,0,0,1,1,0,0,0,0,1,0,0,1,1,1,1,0,-1,1,1,1,0,1,1,0,-1,0,1,1,1,1,0,0,0,0,0,1,1,1,0,0,-1,0,1,0,0,0,0,1,-1,1,1,0,1,1,0,-1,0,-1,0,0,-1,1,1,0,-1,0,0,0,0,1,0,1,1,1,0,0,0,1,1,0,1,0,1,1,0,1,0,1,0,1,1,-1,1,1,1,1,0,1,0,0,1,0,0,0,-1,0,0,0,-1,0,-1,-1,1,1,0,0,0,0,0,1,0,1,1
-58,0,0,0,0,1,-1,1,0,1,1,0,1,0,0,0,0,-1,0,-1,0,1,1,1,-1,-1,0,-1,0,0,1,1,1,1,0,1,1,1,0,0,0,-1,0,1,1,0,0,-1,0,0,1,-1,1,0,1,0,1,0,0,1,0,1,1,1,0,0,1,0,1,0,-1,0,-1,0,1,-1,0,1,-1,0,0,0,1,1,1,1,0,0,0,0,0,1,0,0,1,1,0,-1,1,-1,1,-1,1,0,1,1,-1,1,0,0,0,0,0,0,0,1,0,1,1,-1,0,1,-1,1,1,0,-1,0,0,0,0,0
-59,0,1,1,-1,0,0,0,0,-1,-1,0,0,1,-1,0,0,0,-1,0,1,1,0,0,-1,-1,-1,-1,0,-1,0,1,-1,0,-1,-1,-1,0,0,0,1,-1,-1,-1,0,0,-1,0,-1,0,1,0,0,0,0,-1,1,-1,-1,0,-1,1,0,0,-1,0,-1,0,0,-1,0,-1,-1,0,0,0,-1,-1,-1,-1,0,0,0,0,1,0,0,0,-1,-1,0,-1,-1,-1,-1,0,0,0,1,1,-1,-1,-1,0,0,0,-1,-1,-1,0,0,0,1,0,1,-1,1,0,-1,0,0,0,0,1,-1,0,0,0,0,-1,1,1
-60,0,1,1,1,1,0,1,0,0,0,0,0,0,1,1,0,0,1,1,1,0,0,1,0,1,1,1,1,1,0,0,1,0,1,0,1,1,0,0,1,1,1,0,0,-1,-1,0,0,1,1,0,0,0,1,1,1,1,0,0,1,0,-1,1,0,1,0,0,1,-1,0,1,0,0,-1,1,0,1,0,-1,0,1,0,0,1,1,0,0,1,1,0,0,1,0,1,0,1,0,1,1,1,1,1,0,1,0,-1,0,0,-1,0,0,1,1,1,0,0,0,1,0,1,0,0,1,1,0,1,1,0,0,0,1
-61,1,0,1,-1,0,0,0,-1,0,1,0,0,1,0,0,-1,-1,0,1,1,0,0,-1,-1,-1,-1,0,1,-1,-1,0,-1,0,0,1,-1,0,-1,0,-1,0,1,0,1,0,0,-1,1,-1,0,0,0,0,1,1,1,0,0,1,0,1,0,1,0,1,1,0,1,0,1,0,-1,0,1,0,0,1,-1,0,1,-1,0,0,0,-1,0,1,0,-1,0,1,0,0,1,0,-1,-1,-1,-1,-1,-1,-1,0,1,-1,0,0,0,0,-1,-1,0,0,1,0,0,0,1,0,1,1,1,1,0,0,-1,0,0,0,0,-1
-62,0,-1,-1,0,-1,0,0,0,1,-1,0,0,1,1,0,1,1,1,0,0,0,0,-1,1,1,0,1,1,0,0,0,1,1,1,0,-1,-1,0,-1,-1,0,1,1,1,0,0,0,0,1,0,1,1,1,1,0,-1,0,0,0,0,1,-1,0,0,-1,1,1,0,0,1,0,1,1,0,1,0,1,0,1,0,1,0,0,0,0,1,0,1,1,0,-1,0,1,1,0,1,0,1,1,1,1,1,0,1,0,0,0,-1,-1,0,0,1,0,0,1,1,-1,0,-1,0,0,1,0,0,0,1,-1,0,-1,-1,0
-63,0,0,0,0,-1,1,0,1,1,1,0,0,1,0,1,1,0,1,0,0,0,1,-1,1,0,1,-1,0,1,0,1,0,1,1,1,0,1,1,0,1,0,1,1,1,0,0,0,0,-1,0,1,1,0,1,1,0,0,1,0,0,1,0,1,0,-1,-1,1,1,0,-1,1,0,0,0,1,-1,0,0,0,1,0,-1,0,0,1,0,1,1,0,0,1,1,0,-1,1,0,0,1,-1,-1,1,1,1,0,0,0,-1,1,1,0,0,0,0,1,0,1,1,-1,0,0,0,0,0,1,0,0,1,0,1,1,1
-64,0,1,1,1,0,1,0,-1,0,0,0,1,0,0,1,0,0,0,1,1,0,1,0,1,1,1,1,0,0,1,0,1,1,1,1,0,1,1,1,0,0,1,0,0,1,1,0,0,1,0,1,1,0,1,1,0,0,1,0,0,1,0,1,1,-1,0,0,1,-1,1,0,-1,0,0,1,0,1,1,0,0,1,0,-1,1,0,0,1,0,0,0,1,0,0,1,1,1,0,-1,-1,-1,1,1,1,0,1,0,0,-1,0,0,0,1,1,1,0,1,0,0,-1,0,0,0,1,0,0,-1,0,1,0,1,1
-65,-1,1,1,0,1,0,0,0,0,1,0,0,0,-1,1,-1,-1,0,0,1,0,0,-1,1,1,0,1,-1,1,1,0,0,-1,0,0,0,1,-1,0,-1,1,1,0,0,-1,0,-1,1,0,0,-1,0,1,0,-1,-1,0,0,1,0,-1,-1,1,-1,0,0,0,0,0,1,-1,1,-1,0,0,0,1,0,-1,0,-1,1,-1,-1,-1,0,0,0,1,0,0,0,-1,0,-1,0,-1,1,-1,1,-1,-1,-1,1,0,0,0,0,0,-1,1,0,-1,1,-1,0,0,0,-1,0,-1,1,0,1,-1,1,0,0,0,0,0
-66,0,-1,1,-1,0,0,-1,0,-1,0,0,0,0,-1,0,0,0,1,1,-1,1,0,0,1,0,0,-1,0,0,1,0,1,1,-1,-1,1,0,-1,1,0,0,0,-1,0,-1,1,0,1,0,-1,0,1,0,0,0,0,-1,0,0,0,-1,-1,0,0,-1,1,0,1,0,1,0,0,-1,-1,0,-1,1,0,0,0,0,-1,0,1,0,0,0,0,1,-1,1,1,1,1,0,0,0,-1,-1,-1,1,1,0,0,0,0,1,-1,0,-1,-1,0,1,0,0,0,1,1,0,1,-1,0,0,0,0,0,-1,1,1,0,1
-67,1,0,1,0,0,0,-1,1,0,0,-1,1,-1,0,0,-1,0,0,0,1,-1,0,-1,1,-1,0,1,1,-1,0,0,0,-1,-1,0,-1,0,-1,1,-1,0,1,-1,1,0,0,0,0,0,1,-1,1,1,0,0,-1,0,0,-1,-1,0,0,0,-1,-1,1,0,0,0,1,1,-1,0,-1,0,-1,0,0,-1,0,-1,-1,-1,0,0,0,-1,0,-1,-1,0,-1,0,0,-1,1,0,1,1,-1,-1,-1,0,1,0,0,-1,0,1,-1,0,0,1,0,1,1,0,0,0,-1,0,1,0,1,0,0,0,1,1,0,1
-68,0,1,0,1,0,0,0,-1,0,1,-1,1,1,0,0,1,0,1,0,1,0,0,-1,-1,0,1,1,0,1,1,1,1,0,0,1,-1,-1,0,0,0,-1,1,0,-1,1,0,0,0,1,0,1,1,0,0,1,0,0,1,1,0,0,1,0,1,1,1,0,1,0,1,1,1,0,0,1,1,0,1,1,0,0,0,1,0,0,0,1,0,1,1,0,0,0,1,1,1,0,-1,-1,1,1,1,0,1,1,0,-1,0,0,0,-1,0,0,0,-1,-1,1,0,-1,0,0,0,0,0,1,0,1,1,1,1,0
-69,0,0,0,1,1,0,-1,0,1,0,1,0,0,-1,0,1,0,1,1,0,1,0,1,-1,0,1,-1,0,1,1,0,1,1,0,0,0,-1,0,-1,-1,1,1,0,1,-1,0,1,0,1,0,0,0,1,1,-1,0,0,0,-1,0,1,0,1,-1,0,1,1,0,-1,0,1,0,0,-1,1,0,1,0,1,0,1,0,0,1,0,1,0,0,1,0,0,0,0,0,1,-1,-1,1,-1,1,1,1,0,0,1,1,1,0,-1,0,0,0,1,0,0,1,0,-1,1,0,0,1,1,0,0,1,0,1,1,0,0
-70,0,0,0,1,1,0,1,0,1,0,1,0,0,-1,1,1,1,0,1,0,0,0,1,1,1,-1,0,0,-1,0,1,1,1,0,-1,0,-1,-1,0,0,1,1,1,1,-1,0,0,0,0,1,0,0,0,1,-1,0,0,-1,-1,0,1,-1,1,0,0,1,0,0,-1,0,1,0,-1,-1,0,-1,0,-1,-1,0,0,-1,1,1,1,1,0,0,0,0,0,1,1,0,0,-1,0,1,1,1,1,1,1,0,0,0,0,0,1,0,1,1,1,0,1,0,1,0,0,1,1,0,1,1,0,0,0,1,1,0,0
-71,0,1,0,0,-1,0,1,0,0,1,1,1,0,-1,0,-1,-1,-1,0,0,0,0,-1,0,-1,-1,-1,1,0,0,-1,0,-1,-1,0,-1,0,-1,-1,0,-1,1,0,0,-1,-1,0,1,0,0,-1,1,1,1,-1,0,0,0,0,-1,-1,-1,0,0,-1,0,-1,-1,0,0,0,0,-1,-1,0,-1,0,0,0,0,-1,0,1,0,0,0,0,1,-1,-1,0,0,-1,-1,0,-1,0,-1,1,-1,-1,-1,0,0,0,-1,0,-1,0,1,0,0,0,1,-1,1,0,0,0,-1,0,-1,0,-1,0,0,0,0,-1,-1,1
-72,0,0,1,-1,1,1,1,0,0,0,0,0,1,0,1,1,0,-1,-1,0,0,0,0,1,1,-1,1,1,-1,0,0,1,0,1,1,1,0,0,1,1,0,1,1,1,0,1,0,0,1,0,0,0,1,1,0,1,0,0,1,1,1,0,1,0,1,0,0,1,0,0,1,-1,0,1,0,0,0,1,1,-1,1,0,1,1,0,0,0,1,1,0,0,0,0,1,1,1,0,1,-1,1,1,-1,1,0,0,0,0,0,1,1,1,0,0,1,1,0,1,0,-1,0,1,0,1,0,0,-1,0,1,0,1,0
-73,0,1,-1,0,0,0,1,-1,-1,0,0,-1,0,0,0,-1,0,-1,0,1,0,-1,0,1,-1,1,-1,0,0,-1,0,-1,-1,-1,-1,0,0,-1,0,-1,-1,-1,1,0,0,-1,-1,0,0,-1,0,1,1,1,1,0,0,0,0,1,1,-1,0,0,1,0,0,0,0,1,-1,-1,-1,0,-1,0,-1,0,-1,-1,0,0,0,-1,-1,0,0,0,0,-1,-1,0,0,-1,-1,0,-1,-1,-1,-1,-1,1,-1,0,0,-1,-1,0,0,-1,0,0,-1,0,0,0,1,-1,0,-1,0,1,0,0,0,0,-1,-1,-1,-1,0
-74,0,1,1,1,1,0,0,0,1,0,0,0,1,0,0,1,0,1,0,0,1,1,0,1,1,1,1,0,1,1,1,0,1,0,1,1,0,1,0,0,1,0,1,1,0,1,1,1,0,0,0,1,0,1,0,0,1,0,1,1,0,0,1,1,0,1,0,0,1,1,1,0,0,1,0,0,0,1,0,1,1,1,1,1,1,0,0,1,0,0,0,0,1,0,0,1,1,1,1,1,1,1,1,0,0,0,0,1,0,1,1,0,0,0,1,1,1,0,0,1,0,1,1,1,1,0,0,0,1,0,0
-75,0,-1,0,0,0,1,0,-1,1,1,0,-1,0,-1,1,0,-1,0,0,-1,0,0,0,-1,-1,-1,1,1,0,0,0,1,1,1,0,1,0,-1,0,-1,-1,1,0,1,-1,0,0,0,0,-1,-1,0,0,1,1,0,0,1,-1,1,0,-1,0,1,1,0,0,1,0,1,1,0,0,-1,0,-1,1,0,0,-1,1,0,0,1,0,1,1,0,0,0,1,0,1,-1,0,0,-1,-1,1,-1,1,-1,0,0,1,0,-1,0,1,0,0,-1,-1,0,1,0,0,1,-1,0,0,-1,0,0,0,-1,0,0,-1,1,1
-76,0,0,1,0,0,1,1,1,0,0,1,0,0,-1,0,1,1,0,0,0,1,1,1,1,1,-1,0,1,0,1,1,0,0,1,0,0,-1,1,1,1,0,1,0,1,0,1,0,0,0,1,1,1,0,1,-1,1,0,0,0,1,1,1,0,0,-1,0,1,0,0,0,1,0,1,1,0,1,1,1,1,0,0,0,1,0,0,0,1,0,1,0,1,1,0,-1,1,0,0,1,1,1,1,1,0,0,0,1,1,0,1,0,0,1,0,0,0,1,1,1,0,1,0,0,0,0,0,1,1,1,1,1,0
-77,0,0,1,1,0,0,0,1,1,1,0,0,0,-1,0,1,1,1,0,0,0,1,0,1,1,1,1,1,1,0,0,0,1,1,1,1,1,0,0,0,1,0,1,1,0,1,1,1,0,0,0,1,0,1,1,1,0,0,0,1,0,1,1,0,1,0,1,1,1,0,1,0,0,0,0,1,1,1,1,0,0,0,0,0,0,0,1,1,0,1,1,0,1,1,1,0,0,1,1,1,1,1,1,0,1,0,0,0,0,1,1,0,1,1,1,1,0,0,0,0,1,1,0,1,0,1,0,1,0,0,0
-78,0,0,-1,0,1,1,0,0,0,-1,1,-1,1,0,0,-1,0,-1,0,0,-1,0,-1,-1,-1,-1,0,1,0,1,0,0,1,1,-1,0,0,-1,-1,0,1,0,-1,1,0,0,0,-1,0,-1,-1,0,1,1,0,0,0,1,1,0,-1,1,0,-1,-1,0,0,1,-1,-1,1,0,0,0,0,-1,1,0,-1,0,-1,0,-1,0,0,0,0,-1,1,1,0,1,0,0,1,0,-1,-1,-1,-1,1,1,-1,1,0,-1,0,-1,0,0,0,0,-1,0,-1,0,-1,0,0,1,-1,0,-1,0,0,0,-1,1,0,0,-1
-79,1,-1,0,0,0,0,0,0,1,-1,1,0,0,-1,0,0,1,1,1,1,0,0,1,1,1,1,0,0,1,1,1,1,0,0,0,1,0,0,1,1,1,1,0,0,0,-1,1,0,1,0,1,0,0,1,0,1,1,0,1,1,0,0,1,0,1,1,1,0,1,1,0,1,0,0,0,1,1,0,1,0,0,1,1,1,1,0,0,1,0,0,0,1,0,0,1,0,1,1,-1,1,1,1,0,0,1,1,1,0,0,1,0,0,0,1,1,1,0,1,0,0,0,1,0,-1,1,0,0,0,0,1,1
-80,0,-1,0,1,0,-1,0,0,0,-1,-1,-1,0,1,0,0,-1,0,-1,0,-1,0,-1,0,-1,-1,1,0,-1,0,-1,0,1,-1,0,-1,-1,-1,-1,0,0,1,1,-1,0,0,0,0,0,-1,1,1,1,0,-1,0,1,0,0,-1,0,0,1,0,1,-1,-1,0,0,-1,0,0,1,1,0,-1,0,1,0,1,0,1,0,-1,0,-1,0,0,1,-1,0,0,0,1,1,1,0,-1,-1,1,1,1,1,0,-1,-1,0,-1,0,0,0,0,1,1,0,0,0,1,1,0,1,-1,-1,0,0,1,0,0,-1,0,0
-81,0,-1,0,0,-1,-1,0,-1,0,-1,0,0,-1,1,0,1,0,0,-1,0,0,1,-1,0,-1,-1,1,0,1,1,0,1,1,0,0,0,-1,1,-1,0,-1,-1,0,-1,1,0,0,0,-1,-1,0,-1,0,0,0,1,1,-1,0,1,0,0,0,1,-1,1,0,-1,1,1,0,-1,0,0,0,1,0,0,1,0,1,1,0,0,0,-1,-1,1,-1,0,0,-1,0,1,-1,0,0,1,-1,1,-1,1,1,0,-1,0,0,-1,1,0,0,0,0,1,0,0,0,1,1,1,0,0,-1,0,0,-1,0,-1,-1,-1,0
-82,0,0,1,0,-1,1,0,0,0,1,-1,-1,0,0,-1,-1,-1,0,1,0,0,0,-1,1,0,-1,1,1,1,0,1,1,0,0,-1,0,-1,1,0,0,1,1,0,0,1,0,0,0,-1,1,-1,0,1,1,0,1,0,0,1,-1,-1,0,-1,-1,0,0,0,0,0,0,-1,-1,-1,-1,1,0,1,0,0,-1,0,0,0,1,0,0,1,0,-1,1,0,1,0,1,1,0,0,1,1,-1,1,-1,-1,1,0,0,0,-1,0,0,0,1,0,1,0,1,-1,0,0,1,0,0,1,1,1,0,1,0,-1,0,0
-83,-1,0,-1,0,0,0,0,0,1,1,1,0,-1,0,1,-1,0,1,0,0,1,0,1,-1,0,1,1,0,0,1,-1,1,-1,0,1,1,0,1,0,0,-1,0,1,1,0,1,0,0,0,-1,1,1,0,1,0,0,0,-1,1,1,0,-1,1,-1,0,0,0,1,-1,1,1,0,0,0,0,-1,0,0,0,1,1,1,0,0,1,1,0,-1,0,1,0,1,0,1,0,-1,0,1,1,1,1,1,0,-1,1,0,0,0,1,-1,0,0,1,1,0,0,0,1,0,1,0,0,1,0,1,-1,0,1,0,0,1
-84,1,0,0,1,0,-1,0,0,1,1,0,1,0,0,1,0,1,0,0,0,-1,1,1,0,1,-1,1,1,0,1,1,1,0,0,1,0,1,1,-1,0,0,1,0,0,1,0,1,0,0,1,1,1,1,1,1,0,0,0,0,0,1,0,-1,-1,1,0,1,0,0,0,1,-1,-1,0,0,0,1,0,1,1,0,1,1,0,1,0,0,1,0,1,0,1,0,0,1,1,0,-1,-1,1,1,1,1,1,0,-1,-1,0,0,0,0,0,-1,0,1,1,0,0,0,-1,0,-1,0,0,0,1,0,1,1,1,0
-85,1,0,1,1,0,1,1,0,0,0,0,1,0,0,-1,0,0,0,1,0,1,1,-1,0,0,0,-1,0,1,1,0,1,0,1,1,0,1,0,1,1,0,1,0,1,-1,0,0,1,0,1,0,0,0,0,1,1,0,-1,1,0,-1,1,0,1,0,1,0,0,-1,0,1,1,0,1,0,-1,0,1,0,1,1,0,0,1,1,0,0,1,0,1,0,1,1,0,1,0,0,1,1,1,1,1,0,1,0,0,0,1,0,-1,1,0,1,1,0,0,0,0,-1,1,-1,1,0,0,1,0,0,1,0,0,1
-86,0,0,1,1,0,0,1,-1,0,-1,0,0,0,0,0,1,0,1,0,0,1,1,0,0,-1,-1,1,0,0,1,1,1,0,1,0,0,-1,0,1,0,1,0,0,1,0,1,1,1,0,0,1,1,0,1,0,0,0,-1,1,0,0,-1,1,0,0,1,0,1,0,1,0,0,-1,0,1,-1,0,0,-1,0,-1,0,1,1,1,0,0,0,0,-1,0,0,0,-1,1,1,0,1,1,-1,1,1,0,0,0,-1,-1,1,1,0,0,0,1,1,1,1,0,0,0,0,1,1,0,0,0,1,1,0,0,0,1
-87,0,1,0,0,1,0,1,0,-1,0,1,0,0,-1,-1,0,-1,0,0,1,1,0,-1,-1,-1,-1,0,1,0,0,1,-1,0,-1,0,-1,0,-1,0,-1,-1,0,-1,0,1,0,0,1,-1,0,-1,-1,0,0,-1,0,0,-1,-1,1,1,0,1,1,0,0,-1,0,-1,1,-1,0,0,0,1,0,0,0,-1,-1,0,-1,1,0,0,1,0,0,1,-1,0,0,-1,0,0,-1,-1,-1,1,1,1,-1,0,0,1,-1,1,-1,0,0,0,0,-1,0,0,0,1,1,0,1,0,-1,0,0,1,-1,0,0,-1,-1,0
-88,1,0,1,0,1,0,0,1,0,1,0,1,1,0,0,0,0,1,0,0,1,1,-1,1,1,1,0,1,0,0,1,1,0,1,0,1,1,1,0,0,1,1,1,0,0,1,0,1,1,0,0,0,1,1,1,0,0,0,1,0,1,1,1,0,0,1,1,0,-1,0,0,1,1,0,0,0,0,0,1,-1,1,1,1,1,1,0,1,0,0,0,0,0,0,1,1,1,0,1,1,1,1,1,0,0,0,1,1,0,1,1,0,0,1,0,1,0,0,1,0,1,1,0,0,1,0,-1,0,1,0,1,0
-89,0,1,1,0,1,1,0,-1,0,0,0,0,1,0,0,-1,-1,1,0,1,0,0,1,-1,1,0,-1,0,0,1,-1,0,-1,1,0,0,1,1,-1,0,1,-1,1,0,0,0,1,1,0,1,0,1,1,-1,-1,0,0,0,0,-1,0,0,1,-1,0,-1,-1,1,0,0,0,1,0,1,0,-1,0,0,1,0,1,-1,0,0,1,0,1,1,0,1,0,0,0,1,1,-1,0,1,-1,-1,1,1,0,1,1,0,-1,0,0,0,0,-1,-1,0,0,1,0,0,1,-1,0,0,0,1,-1,-1,-1,0,0,1,0
-90,0,1,1,0,1,0,0,0,-1,0,1,0,0,0,1,0,0,-1,1,0,1,1,1,-1,0,-1,-1,1,0,0,1,0,1,1,1,0,0,-1,-1,0,-1,0,0,1,1,1,0,0,-1,1,0,0,1,1,-1,0,0,0,1,0,1,0,1,1,0,1,-1,1,0,0,0,-1,0,1,1,0,0,-1,0,1,1,0,0,1,0,1,0,0,1,0,1,0,0,1,0,1,-1,-1,-1,1,1,1,-1,0,0,0,-1,-1,0,0,-1,0,0,1,0,0,0,1,0,-1,1,0,0,1,1,-1,0,0,0,0,-1
-91,0,0,0,1,1,0,0,1,0,1,1,0,1,1,0,0,0,-1,1,1,0,0,-1,-1,-1,0,1,1,1,1,0,0,0,-1,1,1,1,0,1,0,0,1,0,1,0,-1,0,0,0,1,-1,0,1,0,0,1,0,1,1,1,1,0,1,0,1,0,0,0,-1,0,0,1,1,1,1,1,1,0,0,1,0,0,1,0,-1,0,0,0,1,-1,0,1,0,0,1,1,0,1,1,1,1,1,0,0,0,0,1,0,0,1,1,1,0,1,0,1,0,1,1,0,1,1,0,0,0,-1,0,0,0,1,1
-92,0,1,0,1,1,0,1,-1,0,0,0,1,1,-1,0,0,0,0,0,1,1,0,1,1,0,1,-1,0,0,0,1,1,-1,1,0,1,1,1,0,0,1,1,0,1,0,0,1,0,1,1,0,0,1,0,1,0,1,1,0,1,0,1,-1,-1,0,0,1,1,0,0,1,0,0,1,1,0,1,1,1,0,0,0,1,0,0,1,1,1,0,0,0,1,0,1,1,0,0,-1,-1,1,1,1,0,0,1,0,0,-1,0,-1,0,1,0,1,0,0,0,1,1,-1,0,0,1,1,1,0,0,0,0,1,1
-93,0,1,1,0,0,0,-1,0,0,1,-1,0,0,1,1,0,1,1,0,0,1,0,0,-1,-1,1,-1,0,1,0,1,0,1,-1,1,1,1,0,0,0,1,0,0,1,1,1,0,-1,1,0,0,0,1,-1,0,1,0,0,1,0,1,1,0,-1,-1,0,0,1,0,0,0,-1,-1,1,0,-1,-1,0,0,1,-1,0,1,0,0,0,0,0,-1,-1,-1,0,-1,0,-1,-1,0,1,-1,-1,1,-1,0,0,0,0,1,1,0,-1,-1,0,0,1,1,0,0,1,0,1,-1,0,0,-1,0,0,1,-1,0,-1,0
-94,0,0,0,1,1,0,1,-1,-1,0,0,1,0,-1,0,-1,0,1,0,1,0,0,-1,1,0,1,1,1,0,0,1,-1,1,0,1,-1,0,-1,0,0,1,1,1,1,1,0,1,0,0,0,0,0,1,0,0,1,0,1,-1,1,0,-1,1,0,1,0,0,1,-1,0,0,0,1,1,1,1,0,0,1,0,1,0,1,0,1,0,0,1,-1,0,0,1,1,0,1,0,0,-1,1,1,1,1,-1,0,0,1,1,0,0,1,0,0,1,1,1,0,0,0,0,1,-1,0,1,0,0,0,1,0,1,1,0
-95,1,1,1,1,0,1,0,0,0,0,0,1,1,-1,0,0,0,0,-1,0,1,0,-1,-1,0,-1,1,0,1,0,1,1,-1,0,-1,-1,-1,0,0,0,1,0,0,0,-1,1,0,1,-1,0,-1,1,1,0,0,1,0,0,1,0,0,0,1,1,1,1,-1,1,0,0,1,0,-1,0,-1,0,0,0,-1,-1,-1,0,-1,1,1,0,0,1,0,0,0,0,1,-1,0,0,-1,1,1,1,-1,-1,0,0,1,0,0,0,1,1,1,0,0,1,1,0,1,0,0,1,-1,1,0,1,1,0,0,0,0,0,1
-96,0,1,0,0,0,1,1,1,0,0,1,1,0,0,1,0,0,1,0,0,1,1,0,1,1,1,1,1,0,1,1,0,1,0,0,1,1,0,1,0,1,1,1,1,0,0,1,0,0,0,1,1,0,0,1,0,0,1,1,1,1,-1,0,-1,0,0,0,0,-1,1,1,0,0,-1,0,1,1,1,1,0,0,0,0,0,1,1,0,1,0,0,1,0,-1,1,0,-1,0,1,1,1,1,1,1,0,1,0,0,0,0,-1,1,0,0,1,0,1,-1,1,0,0,0,0,1,1,0,1,0,0,1,-1,0
-97,0,1,0,1,1,0,0,0,1,0,1,0,1,0,0,0,1,1,0,0,0,-1,-1,-1,0,-1,1,-1,-1,1,0,1,0,0,0,1,1,0,0,1,1,0,1,1,1,1,0,0,0,0,1,0,0,0,1,1,-1,0,1,-1,0,-1,-1,-1,0,0,-1,0,0,0,1,1,0,0,1,1,1,0,0,0,-1,0,0,0,1,0,1,1,1,0,0,0,1,0,1,0,1,1,1,-1,1,1,0,1,1,0,0,1,0,0,0,-1,-1,-1,0,0,0,-1,0,-1,0,-1,1,1,0,0,-1,0,0,-1,0
-98,0,0,1,0,0,1,0,1,0,1,1,1,1,1,1,0,0,1,0,0,0,0,-1,0,1,1,1,1,1,1,0,0,0,-1,1,-1,0,0,-1,0,1,1,0,0,1,1,-1,1,0,0,0,1,0,1,1,0,0,0,1,1,1,1,0,0,1,0,0,1,0,1,0,1,0,1,0,1,1,1,-1,0,0,0,0,1,0,1,0,0,0,-1,1,0,-1,1,0,1,0,1,1,1,1,1,0,0,0,-1,0,-1,-1,0,-1,0,0,1,0,0,1,1,-1,0,1,1,0,0,0,1,0,1,0,1,0
-99,0,0,0,0,1,-1,-1,-1,1,0,0,1,-1,1,-1,0,0,1,0,0,0,0,1,-1,-1,1,0,0,-1,1,-1,0,0,-1,-1,0,1,-1,-1,0,0,0,-1,0,0,-1,1,-1,0,-1,0,0,-1,-1,1,0,0,1,0,-1,1,0,0,-1,-1,0,-1,1,0,-1,0,-1,0,0,1,0,1,0,0,1,0,-1,1,1,0,1,0,0,-1,0,0,1,0,-1,0,-1,0,-1,-1,-1,-1,1,-1,0,-1,-1,-1,0,0,0,0,0,0,-1,-1,-1,-1,0,0,0,0,1,0,0,1,0,-1,-1,0,0,-1
-100,0,0,0,1,1,0,1,-1,0,0,-1,0,1,-1,0,1,0,1,1,0,0,0,-1,1,-1,1,0,1,0,0,1,0,-1,1,0,1,1,1,0,0,1,0,1,0,1,0,0,0,1,1,1,0,0,0,1,0,-1,1,1,1,0,1,0,0,1,1,0,0,-1,-1,1,0,-1,0,1,0,0,1,0,1,1,0,0,1,1,0,0,0,-1,1,0,0,-1,-1,1,0,0,1,-1,1,1,1,-1,-1,0,0,0,-1,0,0,-1,0,0,1,0,-1,-1,1,0,0,0,1,0,1,1,0,0,0,0,1,1
-101,1,1,0,0,0,1,1,0,0,1,0,0,1,0,0,-1,1,1,0,1,0,0,-1,-1,1,0,1,1,1,1,1,0,0,0,1,0,-1,1,0,1,0,1,0,0,-1,0,-1,1,0,1,0,1,0,-1,1,0,0,0,1,1,0,1,0,-1,0,1,-1,0,-1,1,0,1,0,0,-1,-1,1,0,0,0,-1,0,1,0,1,0,1,0,0,-1,0,0,1,-1,0,1,0,1,1,1,1,-1,0,0,0,1,0,1,0,-1,0,-1,-1,0,0,-1,0,1,0,1,0,1,0,0,0,1,1,-1,1,0,0
-102,0,0,1,1,0,1,1,1,0,0,0,0,1,0,1,1,1,0,0,1,0,0,1,0,1,1,-1,0,1,0,1,0,1,1,1,1,0,0,-1,0,1,1,1,-1,0,1,0,1,0,0,0,-1,0,1,-1,0,0,0,-1,0,0,1,-1,1,1,0,-1,0,-1,1,0,0,0,1,0,0,0,1,-1,0,1,-1,0,0,0,1,0,1,1,0,1,0,1,0,0,1,-1,1,1,1,1,1,1,1,0,0,0,-1,-1,0,0,0,-1,0,-1,1,0,0,0,-1,0,1,0,0,1,1,1,0,1,0,0
-103,1,0,-1,0,1,0,0,-1,0,0,-1,1,1,-1,0,-1,0,0,0,1,0,0,-1,1,1,-1,0,1,1,0,1,0,-1,0,-1,0,0,1,1,-1,0,1,0,0,0,1,-1,1,0,1,0,0,1,-1,0,0,-1,0,1,1,1,0,-1,0,0,1,-1,0,-1,1,0,0,-1,0,0,0,0,-1,-1,0,-1,1,1,0,0,-1,1,0,-1,0,0,1,0,-1,0,-1,0,-1,1,-1,1,-1,0,0,1,0,0,0,-1,-1,-1,0,0,1,1,0,0,-1,0,1,0,1,0,1,0,0,1,0,-1,1,0
-104,1,0,0,1,0,0,1,0,0,-1,-1,-1,0,-1,0,-1,0,-1,0,0,1,0,-1,0,-1,-1,-1,0,1,1,0,1,-1,0,0,0,1,-1,-1,0,1,0,1,1,1,0,1,0,1,0,0,1,0,-1,-1,0,-1,0,0,-1,0,0,-1,-1,-1,0,0,0,-1,-1,-1,0,0,0,0,0,1,0,-1,0,1,-1,1,1,0,0,1,0,0,0,1,1,-1,0,-1,0,0,-1,1,1,1,-1,-1,0,-1,-1,0,0,0,0,0,-1,-1,0,0,-1,1,0,-1,0,0,0,-1,-1,1,0,-1,0,1,0,0
-105,1,0,1,0,-1,0,-1,0,1,0,0,0,0,-1,1,0,-1,0,0,0,1,1,1,-1,-1,0,1,1,0,0,1,-1,1,0,1,-1,0,-1,1,0,0,1,0,1,-1,1,1,0,0,0,0,0,1,1,0,0,-1,1,0,1,0,-1,1,1,0,0,0,0,-1,1,1,0,0,1,0,0,0,1,1,0,1,-1,1,0,0,0,1,0,-1,0,1,0,1,0,1,-1,0,1,1,1,1,1,0,1,1,0,1,0,0,-1,0,0,1,0,-1,1,1,0,0,0,0,1,0,1,1,0,1,0,-1,0,0
-106,1,0,0,0,1,1,-1,0,0,-1,0,1,0,-1,0,1,1,0,0,0,0,1,0,1,1,1,-1,0,0,0,1,1,1,-1,0,0,-1,0,-1,-1,-1,0,-1,0,-1,0,1,0,-1,0,1,1,1,1,0,0,0,0,-1,1,0,-1,0,1,1,0,1,0,-1,1,0,0,-1,0,0,1,1,0,0,1,0,-1,1,1,0,0,0,1,0,0,-1,0,-1,-1,0,0,1,1,-1,1,1,1,1,1,1,1,0,0,0,0,0,0,0,1,0,1,1,-1,0,0,0,0,0,0,1,0,0,1,1,1,1
-107,0,0,0,1,0,0,1,1,0,1,1,0,0,0,0,-1,-1,1,0,0,1,1,-1,-1,-1,0,-1,1,0,0,1,1,-1,0,1,0,-1,-1,0,1,0,1,-1,0,0,1,-1,1,0,0,0,1,0,1,0,1,0,0,1,0,1,-1,0,0,1,1,1,0,0,1,1,0,1,0,1,0,0,1,0,1,0,1,0,0,-1,1,0,0,0,-1,1,1,-1,0,0,1,0,1,-1,1,1,1,1,1,1,0,0,0,1,0,0,0,0,-1,0,0,0,-1,-1,-1,-1,-1,0,1,0,0,0,0,1,-1,0
-108,0,1,1,1,0,1,0,0,0,1,0,0,1,-1,0,1,0,0,0,1,0,1,-1,0,1,-1,1,0,1,1,0,1,0,-1,1,0,0,1,0,1,1,1,1,1,1,1,0,0,0,0,0,0,1,1,1,0,1,0,0,1,1,1,0,0,0,1,0,1,1,0,0,1,0,1,0,1,0,0,1,1,0,1,0,1,0,1,0,1,0,1,0,1,0,1,0,0,1,1,1,1,1,1,0,0,1,0,0,0,1,0,1,1,0,1,1,0,1,0,0,1,0,0,1,1,1,0,1,0,0,0,1
-109,1,1,0,0,1,0,-1,0,0,0,1,1,0,-1,0,0,1,0,1,0,0,0,0,1,1,-1,1,1,1,1,0,1,0,0,-1,0,0,1,0,-1,1,0,1,0,1,1,0,1,0,0,1,0,1,1,0,0,0,1,1,1,1,1,0,0,0,1,0,0,1,0,1,0,0,1,1,0,0,0,1,1,0,0,-1,1,0,0,0,0,1,-1,0,0,1,0,1,1,0,1,0,-1,1,1,0,1,0,0,0,0,0,1,1,1,1,1,0,1,1,0,0,0,0,1,1,0,1,1,1,0,0,0,0
-110,0,0,1,1,1,1,1,0,0,0,0,1,0,0,1,1,0,0,1,0,1,0,-1,1,1,0,-1,0,1,0,1,1,-1,0,1,0,1,0,1,0,1,1,0,0,0,-1,1,-1,-1,0,0,1,0,-1,1,1,0,0,0,0,1,0,1,-1,1,0,0,0,0,-1,1,-1,0,1,1,0,0,0,1,0,1,-1,1,1,-1,0,1,0,0,0,0,0,0,0,1,-1,-1,-1,1,1,1,1,0,0,-1,0,0,0,0,1,-1,1,0,-1,0,0,0,0,-1,-1,1,1,0,0,0,0,1,0,1,1,0
-111,1,-1,0,0,1,0,0,-1,0,1,0,1,1,0,0,1,0,0,0,0,1,1,1,1,0,1,1,1,0,0,1,1,0,1,1,0,1,0,-1,0,1,0,1,0,1,1,1,0,1,0,0,1,1,1,0,0,1,0,0,1,0,1,1,0,1,0,0,0,-1,-1,1,0,0,1,1,1,1,0,0,1,0,0,0,0,1,1,0,0,1,1,0,0,1,1,0,1,0,-1,1,1,1,1,0,0,0,0,-1,1,1,-1,0,0,0,1,1,0,0,-1,0,-1,1,1,-1,0,0,1,0,0,0,0,1
-112,1,0,0,0,-1,1,0,0,-1,1,0,-1,0,0,0,1,-1,0,0,0,1,1,1,1,-1,0,1,0,-1,1,1,0,1,0,-1,0,0,-1,-1,-1,0,1,1,0,0,0,0,1,0,1,1,0,0,0,1,1,-1,0,1,1,0,-1,0,0,-1,1,0,0,0,-1,1,0,1,1,1,0,0,1,1,0,1,0,1,0,0,1,1,0,0,0,1,1,0,-1,0,0,1,-1,-1,-1,1,1,-1,1,1,0,0,-1,0,0,0,0,0,0,0,-1,-1,1,0,-1,0,1,1,1,0,0,0,0,1,-1,0
-113,1,1,1,1,0,0,0,0,1,0,0,1,0,1,0,0,-1,0,0,-1,1,0,-1,1,0,-1,1,-1,0,-1,0,-1,0,1,-1,1,1,-1,0,0,0,1,1,0,-1,1,-1,0,0,0,0,1,0,0,1,1,1,0,0,-1,1,-1,0,0,-1,0,0,0,-1,-1,0,1,-1,0,1,0,1,0,-1,1,0,0,1,0,1,0,1,0,-1,0,0,1,-1,0,0,0,-1,-1,1,1,1,1,0,-1,0,0,1,1,0,-1,0,0,-1,0,0,0,-1,-1,-1,0,0,1,1,1,0,0,0,0,0,-1,1
-114,0,1,0,0,1,0,1,-1,1,0,0,1,1,0,0,0,0,0,0,0,1,1,1,1,1,0,1,1,0,1,0,0,1,1,1,1,1,0,0,0,1,0,1,0,1,-1,0,0,1,1,0,0,1,0,0,1,1,0,1,1,1,0,1,1,0,0,0,0,1,1,1,-1,0,0,1,1,0,0,1,0,1,0,1,1,1,1,0,0,0,0,0,1,1,0,0,1,0,-1,-1,1,-1,1,0,0,0,-1,1,1,0,0,-1,0,0,1,-1,0,-1,0,1,0,1,0,0,1,0,-1,1,1,0,0,0
-115,0,1,0,1,0,-1,1,0,0,-1,0,-1,0,-1,0,0,0,0,-1,1,0,-1,-1,-1,0,-1,1,1,1,1,0,0,-1,0,0,0,1,1,-1,1,0,1,0,0,1,0,0,1,0,1,-1,0,-1,-1,0,-1,-1,0,0,1,-1,0,0,-1,0,1,-1,1,0,0,0,0,1,1,1,0,0,0,1,1,0,1,0,0,0,0,1,1,1,1,0,0,0,-1,0,-1,1,-1,1,-1,1,1,0,0,0,0,-1,-1,1,-1,0,0,1,0,1,0,0,-1,0,1,1,-1,0,-1,0,0,0,0,0,-1,1
-116,0,1,-1,0,-1,0,1,-1,0,0,0,1,1,0,0,-1,-1,0,1,0,0,0,1,-1,1,1,0,1,0,0,1,1,-1,0,1,1,0,0,0,1,-1,1,1,1,1,1,0,0,0,0,0,0,1,0,1,-1,0,1,0,0,0,1,-1,-1,0,-1,0,0,1,-1,0,1,1,0,0,1,0,1,1,1,0,0,0,0,1,0,0,0,1,1,1,1,0,0,0,1,1,-1,1,1,1,1,-1,1,0,0,0,-1,0,0,0,-1,0,0,0,-1,1,0,-1,-1,0,0,0,1,0,1,1,1,0,1,0
-117,1,0,1,0,1,0,0,0,-1,1,0,0,1,0,0,0,-1,-1,-1,0,-1,0,-1,-1,-1,-1,0,0,-1,1,0,-1,1,0,0,-1,0,-1,-1,0,-1,0,0,0,-1,-1,-1,0,-1,0,-1,-1,0,-1,0,0,0,-1,-1,-1,-1,0,-1,0,-1,0,-1,0,0,-1,0,0,-1,-1,0,0,-1,0,0,-1,-1,-1,-1,-1,1,-1,0,0,0,0,0,0,0,-1,0,-1,-1,-1,-1,-1,-1,1,0,0,-1,0,-1,-1,0,0,0,-1,0,1,-1,-1,0,0,0,-1,-1,0,0,0,1,-1,0,0,1,-1,0
-118,1,0,1,1,0,1,1,0,0,0,0,0,0,0,1,1,1,0,0,1,1,0,1,1,1,0,1,1,1,0,1,0,0,1,0,0,1,1,0,1,1,0,1,0,1,1,0,1,1,0,0,0,1,1,1,0,0,0,1,1,1,1,0,0,1,0,0,0,-1,0,1,1,0,1,1,0,1,1,1,0,0,0,1,1,0,0,1,0,0,0,1,1,1,0,0,0,1,1,1,1,1,1,-1,0,0,0,0,0,-1,1,0,1,0,0,0,-1,1,1,-1,0,0,0,1,1,1,0,0,1,0,1,0
-119,1,0,0,1,1,1,0,0,0,0,1,1,-1,0,0,0,-1,0,0,1,-1,0,1,0,-1,-1,-1,0,1,1,1,1,0,0,1,1,0,0,0,1,1,-1,1,0,0,1,-1,0,0,-1,0,0,0,0,-1,0,1,1,-1,0,1,-1,0,0,1,-1,0,0,-1,-1,0,0,1,1,-1,-1,0,0,-1,0,0,-1,0,-1,0,0,0,-1,-1,-1,0,0,0,-1,0,-1,-1,-1,-1,-1,1,-1,0,-1,0,0,-1,-1,0,0,0,-1,0,0,-1,-1,0,-1,0,-1,1,1,0,-1,0,0,0,0,1,0,1
-120,0,0,0,1,0,0,1,1,0,1,1,1,0,0,1,1,0,0,0,1,0,1,1,0,1,-1,1,0,1,1,1,1,0,0,0,1,1,1,0,1,0,1,0,0,0,1,1,0,1,0,1,0,0,1,0,1,0,1,1,0,0,1,1,1,0,1,0,0,0,1,-1,1,1,0,1,0,1,0,0,0,1,1,0,1,1,0,1,0,1,0,0,0,0,1,1,0,1,1,1,1,1,1,1,1,0,0,1,1,0,0,0,0,0,1,1,1,0,1,0,0,1,0,0,0,0,1,0,1,0,1,1
-121,1,0,0,-1,1,1,0,0,0,0,-1,0,1,-1,0,-1,0,0,1,1,0,0,0,1,-1,-1,1,1,0,1,1,0,0,-1,1,1,0,-1,0,0,-1,0,1,1,-1,0,0,0,1,1,0,1,1,0,1,0,0,-1,0,-1,0,0,-1,-1,-1,0,-1,1,-1,0,0,0,-1,0,0,-1,0,1,0,-1,1,0,0,1,1,0,0,1,1,0,0,0,1,0,1,0,-1,1,1,-1,1,1,0,0,0,-1,0,-1,0,0,1,1,-1,0,0,0,-1,0,-1,-1,0,0,0,1,1,1,0,0,1,-1,0
-122,1,0,0,0,0,1,1,0,0,-1,1,1,1,0,1,0,1,0,0,1,0,0,0,-1,-1,-1,1,1,1,0,1,0,1,0,1,1,0,1,0,1,0,1,0,1,0,0,-1,1,0,0,-1,1,1,0,0,0,1,1,0,1,0,-1,0,1,0,1,-1,-1,0,1,0,0,1,0,1,0,1,1,-1,0,0,0,0,1,1,0,0,0,0,1,1,-1,0,0,1,-1,0,-1,1,1,-1,1,0,0,-1,0,1,0,1,-1,0,0,0,0,-1,0,-1,0,-1,-1,0,0,-1,0,0,-1,-1,0,0,-1,-1
-123,1,0,0,0,0,1,-1,0,0,-1,1,0,0,-1,1,0,0,-1,1,1,0,0,-1,-1,0,-1,-1,0,0,1,1,1,-1,0,0,-1,0,0,-1,-1,1,-1,-1,0,0,0,-1,0,0,-1,-1,-1,0,0,-1,-1,0,0,-1,0,0,-1,-1,-1,0,-1,-1,-1,-1,0,0,-1,0,0,-1,-1,0,-1,0,1,0,0,0,0,0,-1,-1,-1,0,-1,0,-1,0,0,0,-1,-1,-1,-1,-1,1,-1,0,0,0,0,-1,-1,-1,0,0,-1,1,0,1,1,0,0,0,-1,-1,1,1,1,1,0,0,0,0,0,0
-124,0,0,1,0,1,1,0,-1,1,0,0,1,0,0,1,0,1,1,1,0,0,0,-1,-1,1,-1,0,1,1,1,0,1,0,0,1,0,1,0,0,1,1,0,0,0,-1,0,-1,0,-1,1,1,1,0,1,0,-1,0,0,1,0,1,-1,0,1,0,1,-1,1,-1,1,0,0,0,0,0,0,0,1,-1,0,1,-1,1,0,1,0,0,1,0,-1,0,0,0,1,1,0,-1,1,1,-1,1,1,0,0,1,0,-1,0,0,1,-1,0,0,0,-1,0,0,-1,-1,-1,0,0,0,1,0,0,-1,0,-1,1,1
-125,0,0,1,1,1,0,0,0,1,1,0,1,1,0,0,0,1,0,0,1,0,1,0,1,1,-1,1,1,1,1,1,0,0,0,1,0,1,0,1,1,0,0,1,1,0,1,0,0,1,0,1,-1,1,0,-1,0,0,1,0,1,-1,0,0,0,-1,1,1,-1,0,1,0,0,1,0,1,0,1,-1,0,1,0,0,-1,1,0,0,1,0,-1,0,0,1,0,0,1,0,-1,1,1,1,1,1,1,0,1,-1,-1,0,0,0,0,0,0,0,-1,0,-1,-1,-1,0,0,0,0,1,1,1,1,0,0,0,-1
-126,1,0,1,0,1,0,0,1,0,0,1,-1,0,-1,0,0,-1,1,0,0,1,0,-1,1,0,-1,1,0,1,0,1,-1,0,1,1,1,0,0,0,1,1,0,1,1,1,0,1,1,0,0,0,0,1,1,1,1,0,0,0,0,1,0,1,0,1,-1,-1,0,0,0,1,-1,-1,0,0,-1,1,0,-1,0,-1,0,0,1,0,0,0,1,-1,0,1,1,0,1,0,-1,0,-1,-1,-1,-1,1,1,0,1,0,0,1,0,1,0,0,-1,0,0,-1,0,1,0,1,0,0,1,0,-1,0,0,0,1,-1,-1
-127,1,1,0,0,0,0,1,1,0,0,1,1,0,1,1,0,0,0,0,1,-1,0,-1,1,0,1,-1,1,1,0,0,0,-1,1,1,0,0,1,1,0,1,1,0,1,0,0,0,1,1,0,1,0,1,0,0,-1,1,0,-1,-1,1,-1,0,0,0,-1,1,0,0,0,1,1,1,0,-1,-1,1,0,0,1,0,0,1,0,1,0,0,1,0,0,1,1,0,1,1,0,0,1,1,1,1,-1,-1,0,0,0,-1,0,-1,-1,0,0,0,0,-1,1,-1,0,0,-1,0,0,1,0,0,1,-1,1,0,0,1
-128,-1,0,0,1,0,1,1,0,0,0,1,0,-1,0,0,0,1,0,0,1,-1,1,0,1,-1,-1,1,0,1,1,0,1,-1,0,1,1,0,1,1,0,0,1,0,-1,0,0,0,0,1,1,1,0,0,0,1,0,-1,1,1,0,-1,-1,1,0,0,-1,0,1,1,0,-1,0,-1,0,1,1,0,0,0,1,1,0,0,0,1,0,1,1,1,0,0,1,-1,-1,0,0,0,1,1,-1,1,-1,0,-1,1,0,0,1,0,0,1,0,-1,0,-1,0,0,-1,0,-1,0,1,0,0,1,0,0,0,-1,1,1
-129,1,0,1,0,0,0,-1,0,-1,0,1,0,-1,0,0,0,-1,0,-1,0,0,1,-1,0,1,-1,1,0,1,1,0,0,-1,0,-1,0,0,1,-1,1,0,0,0,0,-1,0,-1,1,0,0,1,-1,-1,0,0,0,0,-1,-1,0,0,-1,-1,-1,-1,0,-1,0,-1,-1,0,1,0,0,-1,-1,1,1,0,0,0,0,0,1,0,0,1,1,0,-1,0,-1,-1,0,1,0,0,1,1,0,-1,-1,1,1,1,0,0,0,0,-1,0,0,-1,0,0,1,0,0,-1,-1,-1,0,0,-1,0,0,-1,0,1,0,1
-130,0,0,-1,0,0,1,1,0,1,0,1,0,1,0,0,0,1,1,0,0,-1,1,-1,0,1,1,1,1,-1,0,0,1,0,-1,-1,-1,0,0,1,1,0,0,0,0,0,-1,0,-1,-1,-1,1,0,1,1,0,1,0,0,1,0,1,-1,0,1,-1,0,1,1,-1,0,0,0,-1,0,1,0,1,0,-1,0,-1,0,0,0,1,0,0,-1,1,0,-1,1,1,0,0,-1,0,1,-1,1,1,1,0,1,-1,0,0,0,0,-1,0,-1,0,1,0,1,0,1,-1,0,1,0,1,0,1,0,0,0,-1,0,-1
-131,0,1,0,1,0,0,1,0,1,1,0,1,1,0,0,0,1,1,0,0,0,1,-1,0,-1,-1,1,1,0,1,0,0,1,-1,-1,1,0,1,1,0,0,1,0,0,0,0,1,1,-1,1,0,1,0,1,0,1,0,1,0,1,1,0,0,0,-1,1,1,0,-1,0,0,0,-1,-1,0,-1,0,-1,0,-1,-1,0,1,1,1,0,0,0,0,0,-1,0,1,0,0,-1,-1,1,1,1,1,1,0,0,-1,0,0,0,1,-1,0,-1,-1,0,0,1,-1,0,-1,0,0,1,0,0,0,1,0,1,-1,1,0
-132,0,0,0,-1,0,-1,0,-1,1,-1,0,0,-1,0,0,1,0,-1,-1,0,0,1,0,1,-1,-1,1,0,1,0,0,-1,-1,-1,0,0,0,1,1,1,1,0,0,1,0,0,-1,1,1,0,-1,0,0,1,-1,1,1,0,0,1,0,0,1,1,-1,0,0,1,0,0,1,-1,0,1,0,1,-1,-1,0,-1,0,0,0,0,1,-1,0,0,1,-1,0,1,0,0,0,-1,1,-1,1,1,-1,-1,0,0,0,-1,0,1,1,0,0,1,0,1,1,0,1,0,0,1,1,-1,-1,0,0,0,0,-1,0,-1,0
-133,1,1,1,1,1,0,0,0,0,0,0,1,0,0,0,1,0,1,0,0,1,1,1,0,1,-1,1,1,0,0,1,1,1,0,1,0,1,0,1,1,0,0,1,1,1,1,0,1,0,0,0,1,0,1,-1,0,1,0,0,1,1,1,0,0,1,0,0,1,1,1,0,0,1,0,1,1,0,1,0,0,0,1,1,0,0,0,1,0,0,1,1,0,0,1,1,0,1,1,1,1,1,1,1,0,1,1,0,0,0,0,1,0,0,0,1,1,0,1,0,-1,0,1,0,0,0,1,1,1,0,0,1
-134,0,1,0,0,1,0,1,1,0,0,1,1,0,0,1,0,0,-1,0,0,0,0,1,-1,0,-1,-1,0,0,1,0,1,1,-1,-1,0,0,1,0,-1,-1,0,-1,-1,0,-1,0,0,-1,0,-1,-1,0,0,0,-1,0,0,-1,1,1,1,1,0,0,0,0,1,0,0,1,-1,-1,0,0,-1,0,-1,0,0,-1,-1,0,0,0,0,0,-1,-1,0,1,1,0,0,0,-1,0,0,1,1,-1,-1,0,1,1,0,0,-1,0,0,0,1,-1,1,1,1,0,0,0,0,0,0,0,-1,0,-1,1,0,1,0,-1
-135,0,-1,0,-1,-1,-1,-1,0,0,0,0,0,0,-1,0,0,0,-1,0,-1,-1,1,-1,1,-1,-1,0,0,0,-1,1,1,0,-1,0,-1,-1,-1,0,0,1,0,0,-1,1,0,1,1,1,0,0,1,0,1,1,0,1,0,0,-1,0,1,-1,0,0,-1,-1,0,0,1,-1,0,1,0,1,-1,-1,0,0,-1,0,0,0,0,-1,0,0,1,1,0,-1,0,1,1,0,0,1,-1,-1,1,-1,1,0,0,0,1,0,-1,1,1,0,0,-1,-1,0,0,0,-1,0,-1,0,0,-1,-1,0,0,0,-1,-1,0,-1
-136,0,0,1,0,1,0,0,0,1,-1,1,1,1,-1,-1,0,0,0,1,0,0,0,1,-1,0,-1,-1,1,0,0,1,1,0,1,0,0,-1,-1,-1,0,-1,0,0,0,0,1,-1,1,0,1,1,0,1,0,0,1,1,1,0,0,1,1,0,1,-1,0,0,1,0,1,1,0,0,1,1,-1,0,0,0,-1,0,-1,0,0,0,1,1,0,1,0,1,1,0,-1,0,1,0,-1,-1,1,1,1,-1,0,0,-1,0,-1,-1,0,0,0,0,0,-1,1,1,1,0,0,0,-1,-1,0,1,-1,0,0,-1,0,0
-137,0,0,0,0,1,1,1,1,1,0,0,1,0,1,0,1,0,0,1,1,0,0,0,1,1,1,1,0,1,0,1,0,1,1,1,0,0,1,1,1,0,0,0,1,1,0,0,1,1,1,0,1,0,0,1,1,0,1,0,1,1,0,0,1,0,1,0,1,1,1,0,0,0,1,1,1,0,0,1,0,0,1,0,1,0,0,1,1,0,0,1,0,1,0,0,1,1,1,1,1,1,1,0,0,0,0,0,1,0,1,1,1,0,-1,0,1,0,1,1,0,0,1,1,0,1,0,1,0,0,1,0
-138,0,0,1,0,1,1,0,0,1,1,0,0,0,-1,0,0,1,1,0,1,1,0,-1,0,1,-1,1,1,0,1,1,0,1,0,1,0,-1,0,1,0,1,0,1,0,1,1,0,1,0,1,0,1,1,0,0,1,0,1,0,1,0,-1,1,0,0,1,1,1,0,1,0,1,0,0,0,1,1,0,1,0,0,1,1,0,1,0,0,0,0,-1,1,0,1,0,1,0,1,-1,-1,-1,1,1,0,1,0,-1,1,0,-1,0,0,0,0,1,0,0,-1,1,-1,0,0,1,0,0,1,0,1,0,1,0,1
-139,0,1,1,0,0,0,1,0,-1,0,1,1,0,0,0,0,1,0,0,1,1,1,0,-1,-1,-1,1,1,1,0,1,0,1,0,1,0,1,0,1,1,0,0,0,0,1,0,1,0,-1,-1,1,0,0,-1,0,-1,0,1,1,0,0,-1,1,-1,-1,0,0,-1,-1,0,0,0,-1,-1,0,-1,0,-1,0,-1,0,1,-1,0,1,0,0,1,0,0,-1,0,0,0,1,1,-1,-1,-1,-1,1,1,1,0,1,0,0,0,0,-1,-1,0,-1,-1,0,-1,0,0,-1,0,1,1,1,1,0,0,0,0,0,1,0
-140,1,0,0,0,0,1,1,0,1,0,-1,1,0,0,0,-1,0,1,0,1,-1,0,1,-1,1,-1,0,1,1,0,0,0,-1,1,1,1,0,1,0,1,0,0,1,1,0,0,-1,0,-1,-1,0,0,0,0,1,1,0,1,1,1,0,1,-1,0,0,1,1,0,-1,0,0,-1,0,-1,1,-1,0,0,1,0,0,1,0,1,0,0,1,0,1,-1,0,1,-1,0,1,0,0,1,1,-1,1,1,1,0,1,0,0,0,-1,0,0,1,1,0,0,0,0,1,-1,1,0,1,1,0,1,0,1,0,1,0,0
-141,0,1,0,0,0,0,1,1,0,1,1,0,0,1,1,1,0,1,0,0,0,1,1,1,1,1,0,0,0,1,1,1,0,1,0,1,0,0,1,1,1,1,0,0,1,1,0,0,0,1,1,0,1,0,0,0,1,1,1,1,0,-1,0,1,0,1,0,0,-1,1,1,0,0,1,1,1,0,1,0,0,1,0,0,1,0,0,0,1,0,1,1,1,-1,0,1,0,0,1,1,1,1,1,0,0,0,-1,1,0,0,0,1,1,0,1,0,0,-1,0,-1,-1,0,1,0,1,0,1,0,1,0,1,0
-142,0,1,0,0,1,-1,1,0,-1,0,0,-1,0,0,1,0,0,-1,1,0,1,0,0,-1,1,-1,1,1,-1,0,0,0,-1,-1,0,-1,-1,0,0,1,-1,0,0,-1,1,0,1,-1,1,0,0,1,1,1,0,0,0,0,1,1,0,0,0,1,-1,1,0,0,0,1,1,0,-1,-1,0,1,0,1,0,-1,0,-1,1,1,0,0,0,-1,1,0,0,0,-1,0,-1,0,-1,1,-1,-1,1,1,0,0,0,0,1,0,-1,0,-1,1,1,0,0,1,0,-1,-1,0,0,1,0,0,0,0,1,1,1,1,0
-143,1,0,1,0,0,0,-1,1,-1,0,0,0,0,1,0,1,1,1,0,1,0,0,-1,0,-1,-1,-1,1,1,1,0,1,0,0,1,-1,1,0,0,1,0,1,1,0,0,0,1,0,0,1,1,1,1,1,0,0,0,0,1,1,0,-1,1,0,1,0,1,0,-1,0,0,0,-1,-1,1,0,1,0,0,1,0,1,0,1,-1,0,1,0,0,-1,0,0,0,-1,1,1,0,1,1,1,-1,-1,-1,0,1,-1,0,0,0,-1,0,0,0,0,0,-1,-1,-1,1,0,1,1,0,0,0,0,0,1,-1,-1,0
-144,0,0,0,1,0,0,1,0,1,1,1,0,-1,1,0,0,1,1,0,0,0,1,1,1,1,0,1,1,-1,0,1,0,0,1,1,0,0,1,1,1,0,0,1,1,1,1,0,0,0,1,0,1,0,0,0,1,0,1,1,0,1,1,1,1,0,0,1,1,0,0,1,0,0,1,1,0,0,1,0,1,0,1,1,1,1,0,1,0,0,0,0,1,1,0,0,1,0,1,1,1,1,1,1,0,0,0,0,1,1,1,0,0,0,1,1,0,1,1,0,0,0,0,1,0,1,0,0,1,1,1,0
-145,0,0,1,1,0,1,-1,0,0,-1,0,1,0,0,-1,-1,0,0,0,1,1,0,0,-1,-1,-1,1,0,1,1,1,-1,0,0,1,0,1,0,0,1,-1,0,0,0,0,1,-1,1,-1,0,1,1,1,1,0,0,-1,0,0,0,1,0,1,-1,0,-1,-1,0,0,0,1,1,0,1,0,-1,0,0,1,1,-1,0,0,0,0,0,1,0,1,1,1,1,-1,0,0,-1,0,-1,1,1,1,1,0,1,0,-1,1,0,0,-1,0,0,0,0,1,0,0,1,1,1,1,0,1,0,0,1,1,1,0,0,0
-146,0,0,0,0,1,1,1,0,0,1,1,0,0,1,1,1,1,0,0,0,0,1,-1,1,-1,-1,0,1,1,0,0,0,-1,-1,1,1,1,0,1,0,0,0,1,0,0,0,-1,-1,0,-1,1,1,1,0,0,0,1,0,1,1,0,-1,1,0,1,0,0,0,-1,1,0,0,-1,1,-1,0,1,0,-1,1,0,0,1,1,0,1,0,1,0,0,0,1,0,1,0,1,0,1,1,-1,1,-1,0,0,0,-1,-1,0,0,1,0,1,1,-1,1,0,0,0,0,1,0,0,1,0,0,0,1,1,0,1,1
-147,1,1,0,0,0,0,-1,1,0,1,0,-1,1,1,0,0,0,0,0,1,0,-1,-1,-1,-1,0,-1,1,0,1,0,0,-1,0,1,-1,0,-1,-1,0,0,1,1,0,-1,1,0,0,0,0,1,1,0,-1,0,0,0,-1,-1,0,0,-1,-1,0,0,-1,0,0,0,-1,1,1,-1,0,0,0,0,1,1,1,1,0,-1,0,-1,0,-1,1,0,0,0,1,0,-1,0,1,0,-1,-1,-1,1,1,0,0,1,0,0,-1,-1,0,0,0,-1,-1,0,0,0,-1,0,-1,-1,0,0,1,1,0,0,0,1,0,-1
-148,1,0,1,0,1,0,1,0,0,1,0,1,0,-1,0,1,0,1,1,0,0,0,1,1,1,0,1,-1,0,0,1,1,0,-1,-1,-1,0,-1,1,0,0,1,0,1,0,-1,0,1,0,0,1,1,1,0,0,0,1,0,1,0,1,0,0,1,1,1,0,1,0,1,0,0,1,-1,1,-1,0,0,0,0,-1,-1,0,0,1,0,1,0,1,0,1,1,0,0,0,1,-1,1,1,-1,1,1,0,0,0,0,0,-1,-1,1,1,0,1,0,1,0,1,0,0,1,1,0,0,0,0,-1,1,0,1,1,0
-149,0,0,1,0,0,1,1,-1,0,0,1,0,0,-1,0,-1,0,-1,0,0,1,1,-1,1,-1,-1,0,0,0,0,1,1,-1,1,-1,1,0,0,0,1,-1,0,-1,0,1,0,-1,0,-1,1,0,0,0,0,1,1,1,0,1,1,0,1,0,1,1,0,0,1,1,0,1,0,1,0,1,1,1,0,1,0,0,0,0,0,0,0,1,1,1,-1,0,1,-1,0,0,0,-1,1,1,-1,1,1,1,0,0,0,1,1,0,0,0,1,0,1,0,1,0,1,0,1,1,0,0,1,1,0,1,0,0,1,0
-150,1,0,1,1,0,0,-1,0,0,1,0,1,1,-1,0,0,0,0,0,1,0,1,-1,0,1,1,1,1,0,0,1,1,0,1,0,-1,-1,1,1,0,0,1,0,0,1,1,0,-1,0,0,1,1,0,0,1,0,1,1,0,-1,1,0,1,0,-1,0,0,1,0,1,0,0,-1,1,1,-1,1,0,0,0,1,0,0,1,-1,0,0,0,1,0,1,-1,0,1,1,0,0,1,-1,1,1,1,1,0,1,0,0,-1,0,0,1,0,1,1,0,1,0,0,1,0,0,0,1,1,0,1,0,0,0,1,1
-151,0,-1,0,0,0,0,-1,0,-1,1,1,1,-1,0,0,-1,0,0,0,0,1,1,-1,-1,-1,0,-1,1,1,0,0,0,-1,1,0,-1,0,1,0,-1,1,-1,0,-1,-1,0,0,-1,-1,0,0,1,1,0,-1,1,0,0,0,0,0,1,1,1,1,0,1,1,0,0,1,0,-1,0,0,-1,0,0,-1,1,0,-1,0,0,-1,-1,-1,0,0,-1,0,0,0,0,1,1,1,1,1,-1,1,-1,-1,0,-1,0,0,-1,0,0,0,-1,1,0,1,0,1,0,0,1,1,0,1,0,1,0,1,0,1,0,0
-152,0,1,0,1,0,0,-1,1,0,0,1,0,0,0,1,1,-1,0,-1,0,1,0,-1,0,-1,-1,1,1,0,0,1,0,0,1,0,0,1,0,1,1,1,1,1,-1,0,0,0,0,1,0,1,0,1,1,1,0,1,0,0,1,-1,-1,1,0,0,0,1,1,0,0,0,-1,0,-1,-1,-1,1,0,-1,0,0,0,0,1,0,-1,1,0,0,0,-1,-1,1,0,-1,0,0,-1,1,0,1,-1,0,0,-1,-1,0,0,0,0,-1,-1,0,-1,0,0,0,-1,-1,1,0,0,1,0,1,0,1,0,0,1,1
-153,0,0,-1,1,0,1,0,0,0,1,1,0,0,1,0,1,0,1,0,0,1,-1,0,1,1,1,1,-1,0,-1,0,1,0,1,0,1,1,0,1,0,1,0,1,-1,1,-1,0,0,1,0,0,0,1,1,1,0,0,1,0,0,1,1,0,1,0,1,1,0,0,1,0,0,1,1,1,1,0,1,0,1,0,0,0,1,0,0,1,0,0,1,1,0,0,0,1,1,1,1,1,1,1,1,0,0,1,1,0,0,0,0,-1,1,-1,1,0,0,0,1,-1,0,0,0,1,0,0,0,1,1,1,1,0
-154,0,1,0,0,1,0,0,-1,1,0,1,0,0,1,1,1,1,0,0,0,0,-1,1,0,-1,-1,-1,1,1,1,0,1,0,0,0,1,-1,1,-1,0,0,0,1,1,1,0,0,0,1,-1,0,0,1,1,0,0,-1,0,1,1,1,0,1,0,0,1,0,1,0,1,1,0,0,1,0,-1,1,0,0,1,-1,0,0,1,1,0,0,0,1,0,1,0,1,-1,0,-1,0,-1,-1,1,1,1,0,0,1,0,1,0,1,-1,0,0,0,0,1,1,0,1,1,0,0,1,0,-1,0,1,-1,0,-1,0,0
-155,0,0,0,0,0,1,1,-1,0,1,1,0,1,0,0,-1,-1,0,-1,1,0,0,0,1,-1,-1,1,-1,0,0,1,-1,1,0,-1,1,0,0,1,0,1,1,1,0,0,1,0,0,0,1,1,0,0,1,0,0,-1,1,1,0,0,-1,-1,-1,0,-1,-1,0,-1,0,0,-1,-1,0,0,0,1,0,-1,1,0,-1,0,0,0,1,0,1,-1,-1,0,0,-1,0,0,-1,-1,-1,1,-1,1,1,-1,0,0,0,0,1,0,0,1,-1,-1,1,-1,0,0,-1,0,0,-1,0,0,1,-1,1,0,0,0,0,1
-156,0,1,0,1,0,-1,0,1,0,0,1,1,1,0,0,0,1,0,1,1,0,0,-1,1,1,0,1,1,0,1,1,1,0,0,1,1,1,1,0,0,0,1,0,0,1,1,1,0,-1,0,0,1,0,0,1,1,0,1,0,1,1,1,0,0,1,0,0,1,-1,0,0,0,1,0,0,1,1,0,-1,0,0,1,0,0,1,1,0,1,0,0,1,0,1,0,1,0,1,1,-1,1,1,-1,-1,0,0,-1,0,-1,0,0,-1,0,1,-1,0,0,0,1,-1,0,1,1,1,0,0,0,0,1,1,0,0
-157,0,0,1,0,0,1,1,0,0,1,1,1,0,0,0,0,1,0,1,1,0,1,-1,1,0,1,1,0,1,0,1,1,1,0,0,1,0,1,-1,0,1,0,1,0,1,1,0,1,0,0,1,0,1,1,0,0,0,1,1,0,1,-1,0,-1,-1,0,0,0,1,1,1,0,0,1,0,0,0,0,0,0,0,0,0,0,0,0,0,0,0,0,0,0,0,0,0,0,0,0,0,0,0,0,0,0,0,0,0,0,0,0,0,0,0,0,0,0,0,0,0,0,0,0,0,0,0,0,0,0,0,0,0
-158,0,1,0,1,0,1,1,0,0,1,0,0,0,-1,1,1,0,0,0,1,0,1,-1,0,-1,-1,-1,1,0,1,0,1,0,-1,1,0,-1,-1,1,0,0,1,0,1,0,1,1,0,-1,0,0,0,1,1,0,0,-1,0,0,1,1,0,-1,-1,0,0,-1,0,0,1,1,0,-1,0,1,0,0,1,0,-1,1,0,0,1,1,0,1,0,1,0,0,0,0,0,1,-1,-1,1,1,-1,1,1,1,1,1,0,1,0,0,0,0,0,0,0,1,0,1,1,0,1,0,0,1,1,0,0,1,1,0,1,0
-159,1,0,1,0,0,1,0,0,-1,0,1,0,0,0,0,-1,0,-1,0,1,-1,1,-1,-1,-1,0,-1,0,1,-1,0,1,1,0,-1,-1,-1,1,0,0,0,0,-1,0,-1,0,-1,1,-1,0,0,-1,-1,-1,0,0,0,-1,0,-1,0,-1,0,-1,-1,0,0,0,-1,-1,0,-1,0,-1,1,0,0,-1,0,-1,0,-1,-1,0,0,0,1,0,-1,0,-1,0,-1,-1,0,0,-1,-1,-1,-1,-1,-1,0,1,0,0,-1,0,0,-1,1,0,1,1,0,1,-1,0,0,0,0,0,-1,1,0,0,-1,1,0,1,0
-160,0,0,1,0,1,1,1,0,1,0,0,0,0,-1,0,0,1,1,0,-1,0,1,-1,-1,1,1,0,-1,-1,0,1,0,0,-1,1,0,-1,1,0,1,0,0,-1,0,1,-1,0,0,0,1,1,0,0,-1,0,-1,1,1,0,0,-1,-1,-1,0,0,-1,-1,1,0,0,1,1,0,0,-1,-1,0,0,-1,0,-1,0,1,-1,0,1,0,0,-1,0,0,1,0,1,1,0,0,1,1,1,1,1,1,-1,0,0,1,0,1,0,0,0,1,1,0,1,0,1,0,0,0,1,1,0,0,1,0,1,1,0,0
-161,0,0,1,1,0,0,0,0,1,-1,1,0,1,0,0,1,1,0,1,1,0,0,1,1,0,-1,1,0,0,0,1,1,1,-1,0,0,-1,-1,0,-1,1,0,-1,0,-1,1,0,1,-1,0,0,1,0,0,-1,-1,0,1,0,1,0,1,1,0,1,0,0,1,-1,1,0,0,0,-1,0,-1,0,1,0,-1,0,1,1,0,0,0,1,1,0,1,0,0,0,0,1,1,-1,-1,1,1,1,1,0,0,0,-1,0,1,1,0,1,0,1,1,0,0,0,-1,0,1,0,1,0,1,0,1,0,0,1,1,0
-162,0,0,0,1,1,-1,1,0,-1,0,0,-1,0,0,-1,0,0,0,1,1,-1,0,1,1,-1,0,1,1,0,-1,-1,-1,0,0,1,0,-1,-1,0,0,-1,0,1,1,-1,1,0,0,0,0,1,0,0,0,1,1,0,1,1,-1,1,-1,0,0,0,-1,0,1,0,0,-1,1,-1,0,0,-1,1,0,-1,0,-1,0,0,1,1,0,1,0,-1,0,0,1,-1,0,-1,0,0,-1,1,-1,1,-1,0,1,0,0,0,-1,-1,0,0,-1,0,1,-1,0,-1,-1,0,0,-1,1,0,-1,0,1,0,0,1,0,0
-163,0,0,1,1,0,0,0,-1,1,0,1,1,0,0,1,0,1,1,0,1,0,0,1,1,-1,-1,0,0,0,0,1,1,1,1,1,0,-1,1,-1,0,0,1,1,1,1,0,1,0,0,0,0,1,0,0,1,0,0,1,1,0,1,1,0,1,1,0,0,1,1,1,0,1,0,0,0,0,1,1,1,0,0,1,0,0,1,1,1,0,1,0,0,0,1,1,0,1,0,1,1,1,1,1,-1,0,0,1,1,0,0,0,0,1,0,0,0,1,1,0,1,1,1,1,0,0,0,-1,0,0,0,-1,1
-164,0,0,1,1,0,1,0,-1,0,0,1,0,0,-1,1,0,1,1,0,1,0,0,1,1,0,-1,1,0,0,1,0,1,1,1,1,0,-1,0,-1,1,0,1,0,1,-1,1,0,0,0,1,0,1,0,0,1,1,1,0,0,0,1,0,1,0,1,1,0,-1,-1,0,1,0,1,0,1,-1,0,1,0,0,1,0,0,0,1,0,0,1,1,1,0,1,0,1,1,0,0,1,1,1,1,-1,1,1,0,0,0,0,-1,1,0,0,0,1,1,0,1,0,0,1,0,0,1,1,0,0,1,1,0,1,0
-165,0,0,1,0,0,-1,0,-1,1,0,1,1,0,1,0,0,0,1,1,0,1,0,0,-1,1,1,1,-1,0,0,1,1,-1,0,0,0,-1,-1,0,-1,-1,1,0,0,-1,0,1,0,1,1,0,1,0,1,0,1,1,0,0,0,1,0,1,0,1,-1,0,-1,0,-1,1,-1,0,0,0,0,0,1,-1,0,1,1,1,0,1,1,1,0,0,0,0,1,0,1,1,0,0,-1,-1,1,1,1,1,0,0,-1,0,0,-1,0,0,-1,0,1,-1,1,0,-1,0,0,1,0,0,1,0,0,1,0,1,0,-1
-166,0,0,0,1,1,0,1,0,1,0,1,0,1,0,1,0,1,1,0,0,0,1,1,1,1,0,1,1,0,0,1,1,0,1,0,0,1,0,1,1,1,0,1,0,1,0,1,1,0,0,1,0,1,1,1,1,0,0,0,1,0,0,1,0,1,1,1,0,0,1,1,1,0,0,0,1,1,0,0,1,0,0,0,1,0,1,0,1,0,1,0,1,0,0,1,0,1,-1,1,1,1,1,0,1,0,0,1,0,-1,0,1,0,1,1,0,0,0,1,1,0,0,0,1,1,1,0,0,0,0,1,1
-167,0,1,0,-1,-1,-1,1,0,0,0,0,0,1,-1,1,0,0,1,0,0,0,1,0,-1,-1,-1,1,0,1,-1,1,-1,0,0,-1,-1,-1,0,0,1,0,1,0,0,0,0,1,0,-1,1,-1,0,1,-1,-1,0,0,-1,0,0,0,-1,1,1,0,-1,0,0,1,0,0,-1,-1,1,0,1,1,1,1,0,0,0,0,0,1,0,0,1,-1,1,0,-1,0,0,-1,-1,0,1,1,1,-1,1,0,1,0,0,1,1,0,0,0,-1,0,0,1,-1,1,1,0,0,0,-1,0,0,-1,0,1,0,1,0,-1
-168,1,0,1,0,0,0,1,-1,-1,0,0,0,0,-1,0,1,0,0,1,0,1,1,-1,0,-1,-1,1,1,0,1,1,0,0,1,0,-1,-1,0,-1,0,1,1,0,0,1,0,1,0,-1,-1,0,1,1,0,1,0,1,0,0,1,1,0,0,1,1,0,0,1,0,0,0,-1,1,1,1,1,0,0,1,-1,0,0,1,0,0,0,1,1,0,0,1,1,0,0,0,1,1,-1,-1,1,1,1,1,0,0,0,0,0,-1,-1,-1,0,-1,0,0,1,1,0,1,0,0,-1,0,0,0,0,-1,-1,0,-1,-1
-169,0,0,1,1,1,0,1,1,0,0,0,0,0,-1,0,0,1,-1,1,1,0,0,1,-1,-1,-1,0,0,0,1,0,1,-1,1,1,1,-1,0,1,0,0,1,0,0,-1,0,0,1,0,1,-1,1,0,1,0,0,1,1,0,1,1,0,1,0,0,1,1,0,0,1,1,0,1,0,0,1,1,0,0,1,1,0,0,1,1,1,0,0,0,0,1,0,0,1,1,0,1,1,1,-1,-1,-1,0,1,1,0,0,-1,0,0,0,1,-1,0,1,1,0,1,0,0,1,0,0,1,0,1,-1,0,1,0,0
-170,1,0,1,0,1,1,0,0,1,0,0,0,0,-1,0,-1,0,1,1,1,0,0,1,-1,1,-1,0,0,0,1,1,1,0,1,0,0,1,1,-1,0,1,0,0,1,1,1,0,1,1,0,0,1,1,0,-1,0,0,0,1,-1,1,0,1,0,0,1,-1,1,-1,0,0,0,1,0,1,1,0,1,0,0,0,1,0,0,0,1,1,0,-1,1,0,1,-1,0,0,0,1,-1,1,1,1,1,1,0,1,0,0,-1,0,1,0,0,1,0,1,1,0,0,0,1,1,0,1,0,1,-1,0,1,0,0,0
-171,1,0,1,1,0,0,0,0,-1,-1,0,0,0,-1,0,-1,0,0,1,0,1,1,-1,1,0,-1,1,0,0,0,1,1,-1,-1,-1,-1,0,-1,0,-1,0,0,-1,1,-1,0,0,0,-1,1,0,0,1,0,1,0,-1,0,1,1,-1,0,1,-1,0,0,1,0,-1,1,0,-1,0,0,1,0,0,1,0,-1,0,-1,0,1,1,1,1,0,0,0,0,0,0,1,1,0,-1,1,-1,1,-1,1,0,0,0,0,-1,0,-1,-1,0,-1,-1,1,1,0,0,0,0,-1,1,0,1,0,1,0,1,0,0,0,1
-172,0,-1,0,-1,1,-1,0,0,1,0,0,0,0,-1,0,0,-1,1,1,1,0,0,1,-1,-1,0,-1,1,0,0,1,0,1,-1,1,0,0,1,0,1,-1,1,1,1,0,1,0,0,1,0,0,0,1,1,0,0,0,1,1,1,0,0,1,1,-1,0,0,1,1,0,0,1,0,1,1,1,1,0,0,0,-1,0,0,0,0,0,1,1,1,1,0,0,0,1,0,1,1,1,-1,1,1,1,0,0,0,1,1,0,1,0,0,1,1,0,0,-1,1,0,1,0,1,0,0,1,0,0,1,0,1,1,0
-173,0,0,0,0,1,1,0,-1,1,0,1,1,1,-1,0,1,1,0,0,0,0,0,-1,0,1,-1,1,0,0,1,0,1,1,1,0,1,1,1,-1,0,0,1,1,0,1,1,0,1,0,0,0,0,1,0,-1,0,0,1,1,0,1,1,0,1,0,1,-1,0,0,1,1,0,1,0,0,0,1,0,1,0,-1,1,0,0,1,0,1,0,1,-1,0,1,-1,0,1,0,0,-1,1,1,1,-1,1,0,0,0,1,0,-1,0,1,0,0,1,0,1,0,0,-1,1,0,1,1,1,0,0,1,0,1,0,0
-174,1,-1,1,0,1,0,0,-1,0,0,0,1,1,0,0,-1,1,0,0,0,1,0,-1,0,-1,-1,1,1,0,0,1,1,0,1,0,0,-1,0,1,1,1,1,0,1,0,1,1,0,0,0,1,0,0,1,1,1,0,1,0,-1,0,0,0,-1,-1,1,1,0,-1,0,1,-1,0,0,1,0,1,0,0,0,1,-1,0,0,0,0,1,1,1,0,1,1,1,1,0,0,0,1,-1,1,1,1,0,0,0,0,1,0,0,1,1,1,0,1,1,0,-1,0,-1,0,1,0,1,-1,1,0,0,0,1,0,0
-175,1,0,0,1,0,-1,1,0,0,0,-1,1,0,-1,0,1,0,1,1,0,0,0,-1,1,1,1,0,0,1,1,0,1,0,1,0,-1,1,1,0,0,-1,0,0,0,1,1,-1,1,-1,0,0,1,0,0,1,1,1,0,0,0,0,1,1,0,1,-1,0,0,0,0,1,1,1,1,0,-1,0,0,-1,-1,1,0,0,0,1,0,0,1,1,-1,0,0,1,0,0,1,-1,1,-1,-1,1,1,0,0,1,1,1,0,-1,0,0,0,1,0,1,1,0,0,1,0,0,1,0,1,-1,1,0,0,1,0,0
-176,-1,1,0,0,0,0,1,-1,0,-1,0,-1,0,-1,1,0,-1,0,0,1,0,0,-1,1,-1,0,-1,0,-1,1,0,-1,0,1,0,0,-1,0,-1,1,-1,0,-1,1,0,-1,-1,0,0,0,-1,-1,-1,-1,0,0,-1,0,0,0,0,-1,-1,-1,0,-1,0,0,0,0,1,-1,-1,-1,1,0,0,0,-1,-1,-1,0,0,1,1,0,-1,0,0,0,-1,0,0,-1,1,-1,0,-1,1,-1,-1,-1,0,-1,1,-1,0,1,0,0,0,0,1,0,0,0,-1,0,-1,-1,-1,0,0,0,-1,0,1,1,0,-1,0
-177,1,0,1,-1,0,0,-1,0,0,-1,0,0,0,0,0,1,1,1,0,-1,0,1,-1,0,-1,-1,1,0,0,1,1,0,-1,1,1,1,0,1,0,0,1,0,0,1,-1,1,0,-1,0,0,-1,0,-1,1,0,0,1,0,1,1,-1,0,0,-1,-1,0,0,1,0,0,0,1,1,-1,1,0,-1,-1,0,-1,0,0,0,1,1,1,0,1,0,0,0,1,-1,0,0,-1,0,-1,1,-1,1,-1,0,0,-1,0,0,-1,-1,0,0,1,-1,-1,0,0,-1,1,0,0,0,0,0,-1,0,-1,0,-1,0,-1,-1
-178,0,0,1,0,0,0,1,0,0,1,1,1,0,0,0,1,0,1,0,0,1,1,-1,0,0,1,0,1,1,-1,0,0,0,-1,0,-1,0,0,-1,1,1,0,0,0,-1,-1,-1,1,0,1,0,0,1,1,-1,0,1,0,0,0,0,1,-1,0,1,1,0,1,0,1,1,0,-1,0,0,-1,0,0,-1,-1,1,0,1,1,0,0,1,0,-1,0,0,0,1,-1,0,0,1,-1,1,-1,1,-1,0,0,0,-1,-1,0,0,0,0,-1,0,1,0,1,-1,0,1,0,0,1,0,0,1,-1,0,0,0,-1,-1
-179,1,1,0,1,0,1,0,0,1,0,0,0,0,1,0,1,1,1,0,1,0,0,0,1,1,1,1,1,0,1,1,0,1,0,0,1,1,0,0,1,1,1,1,1,-1,0,0,0,0,0,1,1,0,1,0,0,1,0,1,0,1,-1,1,0,0,1,0,0,-1,0,0,1,1,1,1,0,0,1,1,0,0,1,0,1,1,0,1,0,0,1,0,0,1,0,0,1,1,1,1,1,1,1,1,0,0,0,0,0,1,0,1,1,1,-1,0,0,-1,-1,0,0,0,0,0,0,0,1,0,1,1,1,1
-180,-1,0,-1,0,-1,0,-1,0,0,-1,0,-1,1,0,0,-1,0,0,0,0,-1,-1,0,1,1,-1,1,0,0,-1,1,1,0,1,-1,-1,0,0,1,-1,0,0,0,1,1,1,1,1,0,0,0,0,1,1,0,0,0,-1,1,-1,0,0,1,1,0,1,0,-1,0,1,0,0,-1,-1,0,0,-1,-1,-1,1,0,0,-1,0,1,0,1,0,0,1,0,0,0,0,0,-1,-1,-1,-1,-1,-1,-1,0,0,0,-1,1,-1,0,0,0,1,-1,1,1,0,1,0,0,0,0,0,0,-1,1,-1,0,0,1,-1,0
-181,-1,0,-1,0,0,0,0,1,0,1,1,0,1,1,1,0,1,1,0,0,0,0,1,0,1,1,1,0,0,1,1,1,0,1,1,1,0,1,0,1,0,1,1,0,0,0,1,1,0,0,1,0,0,1,0,1,0,1,1,1,0,1,0,0,1,1,0,0,0,1,0,1,1,1,0,1,0,0,1,0,1,1,0,1,0,0,1,1,0,0,1,0,1,1,0,1,0,1,1,1,1,1,0,-1,1,0,0,1,0,0,-1,0,1,0,1,1,1,0,0,0,0,-1,1,0,1,0,1,0,0,0,1
-182,1,1,1,1,0,0,0,1,0,0,0,1,1,0,1,0,0,0,0,0,1,1,-1,-1,-1,1,0,0,1,0,1,0,-1,-1,-1,-1,0,0,0,1,1,0,-1,1,-1,0,0,0,-1,1,0,0,1,0,-1,-1,0,1,0,-1,0,-1,-1,0,-1,0,-1,0,0,-1,0,0,-1,-1,0,0,0,-1,0,-1,-1,-1,1,0,0,1,-1,0,0,0,1,1,-1,0,1,0,0,-1,-1,-1,1,-1,0,-1,0,0,0,0,-1,-1,0,-1,-1,0,0,1,0,-1,0,-1,1,1,0,0,0,0,1,-1,0,0,-1
-183,0,1,0,1,0,-1,1,-1,0,0,0,0,1,0,0,0,0,1,1,1,0,1,1,1,0,-1,1,0,0,1,1,0,-1,-1,1,1,0,1,1,0,0,1,-1,0,1,1,0,0,-1,0,0,0,0,1,1,1,1,0,0,0,1,1,1,-1,0,0,-1,0,-1,0,0,0,1,1,1,0,1,1,1,0,0,0,0,1,0,0,0,-1,0,-1,1,0,0,0,1,1,1,-1,-1,1,1,1,0,0,0,1,-1,0,-1,0,0,1,0,1,1,1,0,0,0,1,0,0,-1,0,0,-1,0,1,0,-1,-1
-184,0,0,0,0,1,1,1,-1,0,-1,0,0,1,0,0,-1,0,0,0,1,1,1,-1,0,-1,-1,1,1,-1,1,0,0,-1,0,0,-1,-1,0,1,1,0,1,0,-1,1,0,0,0,0,-1,-1,0,1,0,0,1,1,1,0,1,1,0,0,1,0,1,0,1,1,0,1,1,0,0,1,0,1,-1,-1,0,0,0,0,1,-1,1,0,0,-1,0,0,1,0,0,0,1,-1,1,1,1,1,-1,1,0,0,0,0,1,-1,0,0,1,1,1,0,0,0,1,1,0,0,1,0,1,0,0,1,1,0,0,1
-185,1,1,0,1,0,0,0,-1,0,0,1,0,1,0,-1,0,-1,0,0,0,1,1,-1,0,-1,1,-1,0,1,-1,0,1,0,1,1,1,-1,1,0,0,0,1,0,-1,0,0,0,-1,1,1,0,0,1,1,1,0,0,0,-1,-1,0,-1,0,-1,-1,0,0,1,-1,-1,1,0,0,0,0,-1,1,1,0,0,0,0,0,0,-1,0,0,1,-1,0,1,-1,0,1,1,0,0,-1,-1,-1,-1,1,1,1,0,0,-1,0,0,0,-1,0,0,-1,-1,0,-1,0,-1,0,-1,1,0,0,0,0,0,0,-1,1,1
-186,0,1,1,0,1,0,1,0,0,1,0,1,0,0,0,-1,1,0,-1,0,-1,0,0,1,-1,-1,1,0,-1,0,1,0,-1,1,-1,0,1,0,-1,1,0,1,0,1,0,0,0,1,0,1,1,-1,1,0,-1,-1,0,0,0,1,0,-1,1,0,0,1,0,-1,-1,-1,0,0,-1,0,1,1,0,0,1,0,1,0,0,0,0,1,1,1,1,0,0,0,-1,-1,0,-1,0,1,1,1,-1,-1,0,0,0,-1,1,0,0,-1,1,0,1,0,1,0,-1,-1,0,0,1,0,1,0,0,0,1,0,1,1,0
-187,1,1,1,0,1,1,0,0,0,0,0,1,-1,0,0,0,0,-1,-1,0,-1,0,1,-1,0,-1,-1,-1,0,1,1,-1,0,0,-1,1,0,0,-1,0,-1,0,0,-1,1,0,0,1,-1,1,0,1,1,0,0,0,0,-1,1,1,1,0,0,0,-1,-1,0,1,-1,0,0,-1,0,-1,0,0,-1,0,-1,1,-1,0,-1,1,0,0,1,0,1,0,0,1,0,-1,-1,0,0,1,-1,1,1,1,1,0,1,0,0,0,-1,0,1,0,1,1,0,0,-1,0,0,1,-1,-1,1,0,-1,0,0,0,0,0,1
-188,1,1,0,1,1,0,1,0,0,0,0,1,1,-1,0,0,1,1,0,0,0,0,0,1,1,1,1,1,1,0,1,1,0,0,0,1,1,0,0,1,1,0,1,0,0,1,-1,0,0,1,1,0,0,1,0,1,0,1,1,-1,0,0,1,-1,1,0,0,0,-1,-1,1,0,0,1,0,1,0,1,1,0,1,0,0,1,1,0,1,0,1,0,0,1,0,0,1,1,0,-1,1,1,1,-1,1,0,0,1,0,1,0,0,1,0,1,1,1,0,1,0,0,0,0,1,0,1,0,1,1,0,0,1,0
-189,1,0,0,-1,0,-1,1,-1,0,0,0,1,1,0,1,0,1,0,0,-1,0,0,1,0,-1,-1,1,1,0,-1,0,-1,1,0,1,-1,0,0,0,-1,-1,1,-1,-1,0,0,0,0,-1,1,0,0,1,1,0,-1,0,1,0,-1,0,1,1,1,0,0,-1,0,-1,-1,0,0,0,-1,0,-1,-1,-1,1,0,0,0,0,1,-1,0,0,0,1,0,-1,-1,1,1,0,0,0,-1,-1,1,1,-1,-1,1,-1,0,0,0,0,0,-1,0,0,0,-1,0,1,-1,0,1,0,0,-1,1,0,-1,0,1,0,-1,0
-190,0,0,0,1,1,0,1,-1,1,0,0,0,0,1,0,1,0,1,1,0,0,1,0,1,1,1,1,0,1,1,0,1,0,1,0,-1,0,0,-1,-1,-1,1,0,0,1,1,1,0,0,1,0,1,0,0,0,1,0,1,1,0,1,1,1,0,1,0,1,1,0,0,1,0,1,0,0,1,1,0,0,1,0,1,1,1,0,0,0,0,1,1,0,1,0,0,1,0,1,1,1,1,1,1,0,1,0,0,0,0,0,1,-1,1,1,-1,0,0,0,1,-1,0,-1,0,0,0,1,0,0,-1,-1,-1,0
-191,0,-1,1,0,0,0,1,0,-1,-1,0,1,0,1,0,0,-1,-1,0,0,-1,0,-1,-1,-1,0,-1,0,1,-1,1,0,-1,0,1,-1,-1,0,-1,0,0,0,1,1,0,1,1,0,-1,0,0,0,1,0,1,-1,-1,0,0,0,0,-1,0,-1,-1,-1,-1,0,-1,0,0,0,-1,-1,1,1,0,0,0,0,-1,1,0,0,1,0,0,1,1,0,1,0,-1,1,0,-1,0,1,-1,1,1,1,1,0,0,0,0,1,1,0,0,1,0,1,0,0,1,0,-1,1,0,1,1,-1,0,0,-1,1,0,0,0
-192,-1,0,0,-1,1,0,-1,-1,0,0,0,-1,0,0,-1,0,1,1,0,1,0,0,-1,-1,-1,0,-1,1,0,0,-1,0,1,-1,-1,0,-1,1,1,0,0,1,-1,0,0,-1,-1,0,0,0,-1,0,0,1,0,1,-1,1,0,1,-1,-1,1,0,0,0,0,1,0,1,0,0,-1,-1,1,0,1,0,0,-1,0,-1,0,-1,0,0,0,1,0,-1,-1,1,0,-1,0,-1,0,-1,1,1,1,-1,-1,-1,-1,-1,0,0,0,0,0,0,-1,0,0,0,0,1,-1,1,0,0,-1,0,0,0,1,-1,-1,-1,0
-193,0,1,1,0,0,0,0,-1,-1,0,1,0,0,0,-1,-1,-1,0,0,0,-1,1,-1,-1,-1,0,-1,1,1,0,0,-1,-1,0,-1,0,0,-1,0,1,-1,0,0,0,-1,-1,-1,-1,0,0,-1,-1,0,-1,0,-1,0,1,0,-1,-1,-1,0,0,0,-1,0,-1,-1,-1,0,0,-1,0,-1,0,1,-1,-1,0,0,0,1,-1,0,1,0,-1,0,0,0,0,0,0,-1,-1,-1,1,1,-1,1,1,-1,0,1,0,-1,0,-1,0,0,0,1,1,0,0,0,1,-1,0,1,0,1,0,0,1,1,1,0,0,0
-194,1,0,0,1,0,0,0,0,1,1,1,1,0,0,0,1,1,1,1,0,0,0,1,1,1,0,-1,1,1,0,1,0,0,1,0,1,-1,1,0,1,0,0,0,0,1,1,0,1,1,1,0,0,0,0,0,1,1,1,1,0,0,1,0,1,1,1,0,1,1,0,0,-1,-1,0,1,0,1,0,1,0,0,1,1,0,1,1,1,0,0,0,0,1,0,1,0,1,0,1,-1,1,-1,1,1,0,0,1,1,0,0,0,1,0,1,0,0,1,0,1,0,1,0,0,1,1,0,0,0,0,1,1,1
-195,0,1,1,0,1,0,1,0,1,0,0,1,0,0,1,0,0,0,0,1,1,1,1,0,-1,-1,1,1,0,1,0,1,1,0,0,1,1,0,0,1,1,0,1,0,0,1,1,0,1,0,1,1,1,0,0,0,1,1,0,1,1,0,1,1,0,0,1,1,0,1,0,0,1,0,1,0,0,0,1,1,1,0,0,1,0,1,1,0,1,0,0,0,0,1,1,1,0,1,1,1,1,1,1,1,0,1,0,0,0,0,0,1,1,0,0,1,0,1,1,0,0,1,0,1,0,-1,0,0,1,-1,0
-196,1,1,1,1,0,0,0,1,0,0,0,0,1,0,1,0,0,0,1,1,0,1,1,1,1,1,0,1,1,0,0,0,1,-1,0,1,1,1,0,0,1,1,1,0,1,0,0,1,1,0,0,1,0,0,1,0,1,1,0,1,0,0,1,1,0,1,1,0,0,0,1,0,1,1,1,0,1,0,1,0,1,0,0,1,1,0,0,1,0,1,0,1,0,1,0,1,0,1,1,1,1,1,0,1,1,0,0,1,1,0,0,0,0,1,0,0,1,1,0,1,0,1,0,0,1,0,1,0,1,0,1
-197,1,0,0,0,1,1,1,0,0,1,0,1,1,-1,0,1,0,0,1,0,0,0,1,1,1,0,1,0,0,0,1,-1,1,1,1,1,1,1,0,0,0,0,1,1,0,0,0,1,1,0,1,1,0,0,1,0,0,1,1,0,1,1,0,0,1,1,0,1,0,0,0,1,1,1,0,0,1,1,0,0,1,1,1,1,0,0,0,0,0,1,1,1,1,0,0,0,1,1,1,1,1,1,1,0,0,0,0,1,0,1,0,1,0,0,1,1,0,1,1,0,0,1,0,1,0,0,1,0,0,1,1
-198,0,0,1,1,0,0,0,-1,1,-1,0,1,1,0,0,0,0,0,0,1,-1,1,1,1,0,-1,1,1,1,0,1,-1,0,0,1,1,0,0,-1,1,0,0,0,-1,1,-1,0,0,0,1,1,1,0,0,0,0,1,1,1,1,-1,-1,0,0,1,0,0,0,-1,1,1,1,0,0,0,0,1,1,0,0,1,1,0,1,0,1,0,0,0,1,1,1,0,1,1,0,0,1,1,1,1,1,0,0,-1,0,0,1,-1,0,1,0,0,0,1,-1,-1,0,-1,0,1,0,0,0,0,1,0,1,1,-1,0
-199,0,0,-1,-1,0,-1,1,0,0,0,-1,0,0,-1,1,1,0,1,-1,0,0,0,0,1,-1,-1,1,1,0,0,1,1,0,1,1,0,0,1,1,0,1,1,0,0,1,0,0,1,-1,0,-1,0,-1,-1,-1,0,1,0,0,0,1,1,0,0,-1,-1,-1,1,0,0,0,-1,1,0,1,1,0,0,1,1,0,0,0,0,1,1,0,1,0,1,0,0,0,1,1,1,0,1,1,1,1,1,1,0,0,0,0,-1,0,0,-1,1,1,1,1,0,1,0,0,0,0,-1,0,0,0,-1,0,0,1,1,-1
-200,0,-1,0,-1,1,0,0,-1,0,0,-1,0,0,0,1,0,0,1,-1,0,1,1,-1,1,-1,0,1,1,0,1,0,1,0,1,1,1,0,-1,-1,0,0,-1,0,-1,0,-1,-1,0,1,0,0,0,1,1,1,0,0,-1,0,0,1,1,1,-1,0,0,-1,0,0,-1,0,0,-1,-1,0,0,0,1,1,1,-1,0,1,0,1,1,0,0,0,0,1,1,0,0,-1,0,-1,-1,1,-1,-1,-1,-1,1,0,0,0,-1,0,0,0,-1,-1,0,-1,0,-1,1,0,0,0,0,1,0,0,-1,0,-1,0,-1,1
-201,0,0,1,0,0,0,1,0,1,1,1,0,0,-1,0,1,1,1,0,0,0,1,1,1,1,1,0,1,1,0,0,1,0,1,1,0,-1,1,0,-1,0,0,0,1,1,0,0,1,-1,-1,0,0,0,0,1,-1,0,1,1,0,0,-1,1,-1,0,-1,1,0,-1,0,0,1,0,-1,1,1,0,1,0,0,1,0,0,1,0,0,0,1,0,1,1,1,0,-1,1,0,0,1,1,-1,1,1,0,-1,0,1,-1,0,0,1,0,0,0,0,1,1,1,0,0,-1,0,0,1,1,0,0,1,1,1,0,0
-202,0,0,0,1,1,0,0,-1,1,1,0,1,-1,1,0,0,1,1,0,0,0,0,-1,1,1,0,1,1,0,1,-1,0,0,1,0,1,1,-1,-1,0,0,1,0,1,0,-1,0,0,1,1,0,0,0,1,-1,1,0,1,0,0,-1,1,0,0,-1,-1,0,0,-1,1,1,0,0,1,0,1,1,0,-1,0,1,0,1,0,0,0,1,1,1,0,0,1,-1,0,1,0,0,-1,1,1,1,1,-1,0,0,1,0,0,1,0,0,-1,0,-1,0,-1,0,-1,0,0,0,0,0,0,1,0,1,1,-1,-1,0
-203,1,0,1,0,0,1,0,-1,-1,0,0,0,1,0,0,0,0,-1,1,0,1,1,-1,-1,1,0,1,1,0,1,0,1,0,1,-1,0,-1,0,-1,1,0,1,0,1,-1,0,0,1,0,1,0,1,0,0,0,1,-1,0,1,0,0,-1,-1,-1,-1,0,-1,0,1,1,0,0,0,-1,1,0,0,0,-1,1,-1,0,0,0,-1,1,0,1,0,1,0,-1,0,1,0,-1,0,1,-1,-1,-1,1,0,-1,1,0,0,0,0,-1,0,-1,-1,0,0,0,-1,0,-1,-1,0,1,-1,0,0,0,1,0,1,0,1
-204,1,0,1,0,0,0,1,0,0,-1,1,1,0,0,1,0,1,0,0,0,1,1,1,-1,-1,-1,0,1,0,0,0,-1,1,-1,-1,0,0,0,1,1,1,1,-1,0,1,-1,1,0,0,0,0,1,1,1,0,0,0,1,0,1,0,0,1,1,0,-1,1,0,0,1,0,-1,-1,0,1,0,0,0,1,-1,-1,0,1,0,1,0,1,0,0,0,1,1,0,1,1,0,0,1,1,-1,1,1,1,0,0,0,1,0,0,0,1,1,0,0,0,1,0,1,1,1,1,0,0,1,0,1,1,0,0,0,1
-205,0,0,1,0,0,1,0,1,1,0,1,0,1,0,0,0,0,0,1,1,1,1,0,-1,-1,1,1,1,1,0,0,1,-1,0,-1,-1,0,1,0,0,1,0,0,0,0,1,1,1,0,-1,1,1,1,0,0,0,0,1,1,0,1,-1,0,-1,0,-1,0,0,0,1,1,0,-1,-1,-1,0,1,0,-1,0,0,1,1,1,0,1,0,0,1,0,0,1,-1,0,0,0,1,-1,1,-1,1,-1,1,0,1,1,0,0,0,0,1,0,-1,0,-1,0,0,-1,0,-1,0,0,0,-1,1,1,0,0,0,1,1
-206,0,0,0,0,1,0,1,-1,1,0,1,1,1,0,0,1,0,0,1,1,0,0,-1,1,1,-1,0,1,0,0,1,1,-1,0,0,1,1,1,0,-1,0,1,0,0,1,0,1,1,0,0,1,1,1,0,0,1,0,0,1,1,0,0,0,1,-1,1,1,1,0,1,0,0,1,0,1,1,1,-1,0,0,0,0,0,1,0,1,1,1,0,0,0,0,0,0,1,1,1,1,1,1,1,1,1,1,1,0,0,0,0,1,0,0,1,0,1,1,1,0,0,0,0,0,1,0,1,0,1,1,1,0,0
-207,0,0,0,0,1,-1,1,0,-1,0,1,1,-1,0,0,0,0,-1,0,1,-1,0,0,-1,-1,-1,1,1,-1,0,1,0,1,0,0,0,1,-1,1,-1,0,1,0,1,-1,0,0,1,-1,0,0,0,1,0,1,0,-1,0,-1,1,0,1,1,0,1,0,-1,-1,0,0,0,0,-1,1,1,0,0,-1,0,0,-1,-1,0,0,1,0,-1,0,1,0,1,1,0,0,1,0,0,1,-1,1,1,-1,0,0,0,1,-1,0,0,0,1,-1,1,0,0,0,1,1,0,-1,1,-1,1,0,1,-1,0,0,0,0,0
-208,0,0,0,1,1,1,0,0,1,0,-1,1,0,0,-1,0,0,1,1,0,0,1,0,-1,1,1,1,1,1,1,0,1,0,0,1,1,0,0,1,0,1,1,1,1,0,1,0,1,0,0,0,1,1,0,0,0,0,1,1,0,0,-1,0,1,1,1,0,1,0,0,0,1,1,1,1,0,0,1,1,0,0,1,0,0,1,0,1,0,1,0,1,0,1,0,0,1,1,1,1,1,1,1,0,0,0,1,0,0,-1,0,1,1,-1,0,1,1,0,0,0,1,0,-1,0,1,0,-1,0,0,0,-1,-1
-209,0,0,0,0,-1,1,0,0,1,1,-1,0,0,0,0,0,0,0,0,0,0,0,0,0,0,0,0,0,0,0,0,0,0,0,0,0,0,0,0,0,0,0,0,0,0,0,0,0,0,0,0,0,0,0,0,0,0,0,0,0,0,0,0,0,0,0,0,0,0,0,0,0,0,0,0,0,0,0,0,0,0,0,0,0,0,0,0,0,0,0,0,0,0,0,0,0,0,0,0,0,0,0,0,0,0,0,0,0,0,0,0,0,0,0,0,0,0,0,0,0,0,0,0,0,0,0,0,0,0,0,0
-210,0,-1,1,0,1,-1,0,0,0,0,-1,1,0,0,0,1,0,0,1,1,0,1,0,-1,1,1,1,0,0,0,0,0,0,0,0,0,0,0,0,0,0,0,0,0,0,0,0,0,0,0,0,0,0,0,0,0,0,0,0,0,0,0,0,0,0,0,0,0,0,0,0,0,0,0,0,0,0,0,0,0,0,0,0,0,0,0,0,0,0,0,0,0,0,0,0,0,0,0,0,0,0,0,0,0,0,0,0,0,0,0,0,0,0,0,0,0,0,0,0,0,0,0,0,0,0,0,0,0,0,0,0
-211,1,0,-1,0,1,0,0,0,1,-1,0,0,0,0,0,0,0,0,0,0,0,0,0,0,0,0,0,0,0,0,0,0,0,0,0,0,0,0,0,0,0,0,0,0,0,0,0,0,0,0,0,0,0,0,0,0,0,0,0,0,0,0,0,0,0,0,0,0,0,0,0,0,0,0,0,0,0,0,0,0,0,0,0,0,0,0,0,0,0,0,0,0,0,0,0,0,0,0,0,0,0,0,0,0,0,0,0,0,0,0,0,0,0,0,0,0,0,0,0,0,0,0,0,0,0,0,0,0,0,0,0
-212,1,0,0,0,-1,0,1,0,1,1,0,0,0,0,0,0,0,0,0,0,0,0,0,0,0,0,0,0,0,0,0,0,0,0,0,0,0,0,0,0,0,0,0,0,0,0,0,0,0,0,0,0,0,0,0,0,0,0,0,0,0,0,0,0,0,0,0,0,0,0,0,0,0,0,0,0,0,0,0,0,0,0,0,0,0,0,0,0,0,0,0,0,0,0,0,0,0,0,0,0,0,0,0,0,0,0,0,0,0,0,0,0,0,0,0,0,0,0,0,0,0,0,0,0,0,0,0,0,0,0,0
-213,0,0,1,1,-1,0,1,0,0,1,0,0,1,0,0,0,1,0,1,1,1,0,1,0,1,-1,1,1,-1,0,0,0,1,1,0,1,0,1,-1,0,1,1,0,0,1,0,0,1,1,1,0,0,1,1,1,1,0,0,0,0,1,1,0,0,1,1,0,1,0,0,1,1,-1,0,1,1,1,1,0,0,0,0,1,1,0,0,0,1,0,0,1,0,0,0,0,0,0,0,0,0,0,0,0,0,0,0,0,0,0,0,0,0,0,0,0,0,0,0,0,0,0,0,0,0,0,0,0,0,0,0,0
-214,0,1,1,0,0,1,0,1,0,1,0,1,0,0,0,1,0,0,0,1,1,1,1,1,1,0,1,1,1,0,0,0,1,1,1,0,1,0,0,1,1,0,0,0,1,1,0,1,0,1,1,1,1,1,0,0,1,0,0,1,1,1,0,0,1,0,0,1,0,0,1,0,1,1,0,0,1,1,0,0,1,1,0,0,0,1,1,0,0,1,1,0,1,0,1,1,0,1,1,1,1,1,1,1,0,1,0,0,0,1,0,0,0,1,1,0,0,1,1,0,1,0,1,0,1,1,0,0,1,0,0
-215,0,1,1,1,1,1,0,0,0,0,0,0,0,1,0,1,0,1,0,1,1,0,-1,1,1,1,0,0,0,0,0,0,0,0,0,0,0,0,0,0,0,0,0,0,0,0,0,0,0,0,0,0,0,0,0,0,0,0,0,0,0,0,0,0,0,0,0,0,0,0,0,0,0,0,0,0,0,0,0,0,0,0,0,0,0,0,0,0,0,0,0,0,0,0,0,0,0,0,0,0,0,0,0,0,0,0,0,0,0,0,0,0,0,0,0,0,0,0,0,0,0,0,0,0,0,0,0,0,0,0,0
-216,0,1,-1,0,1,0,0,0,0,-1,1,1,0,-1,1,1,0,0,0,0,-1,0,-1,-1,-1,0,-1,1,0,1,0,0,1,-1,0,-1,-1,-1,0,1,0,0,0,0,0,0,0,0,0,0,0,0,0,0,0,0,0,0,0,0,0,0,0,0,0,0,0,0,0,0,0,0,0,0,0,0,0,0,0,0,0,0,0,0,0,0,0,0,0,0,0,0,0,0,0,0,0,0,0,0,0,0,0,0,0,0,0,0,0,0,0,0,0,0,0,0,0,0,0,0,0,0,0,0,0,0,0,0,0,0,0
-217,0,0,1,0,1,1,0,1,0,0,1,1,0,1,1,0,0,1,0,0,1,0,1,1,1,1,0,0,0,0,0,0,0,0,0,0,0,0,0,0,0,0,0,0,0,0,0,0,0,0,0,0,0,0,0,0,0,0,0,0,0,0,0,0,0,0,0,0,0,0,0,0,0,0,0,0,0,0,0,0,0,0,0,0,0,0,0,0,0,0,0,0,0,0,0,0,0,0,0,0,0,0,0,0,0,0,0,0,0,0,0,0,0,0,0,0,0,0,0,0,0,0,0,0,0,0,0,0,0,0,0
-218,0,1,1,1,0,0,-1,0,0,-1,0,0,0,0,0,0,0,0,0,0,0,0,0,0,0,0,0,0,0,0,0,0,0,0,0,0,0,0,0,0,0,0,0,0,0,0,0,0,0,0,0,0,0,0,0,0,0,0,0,0,0,0,0,0,0,0,0,0,0,0,0,0,0,0,0,0,0,0,0,0,0,0,0,0,0,0,0,0,0,0,0,0,0,0,0,0,0,0,0,0,0,0,0,0,0,0,0,0,0,0,0,0,0,0,0,0,0,0,0,0,0,0,0,0,0,0,0,0,0,0,0
-219,1,0,0,1,1,0,0,0,0,1,1,0,0,1,0,1,1,0,0,1,1,0,1,0,1,1,1,0,0,0,0,0,0,0,0,0,0,0,0,0,0,0,0,0,0,0,0,0,0,0,0,0,0,0,0,0,0,0,0,0,0,0,0,0,0,0,0,0,0,0,0,0,0,0,0,0,0,0,0,0,0,0,0,0,0,0,0,0,0,0,0,0,0,0,0,0,0,0,0,0,0,0,0,0,0,0,0,0,0,0,0,0,0,0,0,0,0,0,0,0,0,0,0,0,0,0,0,0,0,0,0
-220,0,1,1,0,1,0,0,0,0,1,1,0,0,-1,0,-1,1,1,-1,0,0,0,-1,-1,-1,0,-1,1,0,-1,1,1,0,0,1,0,0,-1,-1,0,1,0,0,0,0,0,0,0,0,0,0,0,0,0,0,0,0,0,0,0,0,0,0,0,0,0,0,0,0,0,0,0,0,0,0,0,0,0,0,0,0,0,0,0,0,0,0,0,0,0,0,0,0,0,0,0,0,0,0,0,0,0,0,0,0,0,0,0,0,0,0,0,0,0,0,0,0,0,0,0,0,0,0,0,0,0,0,0,0,0,0
-221,1,0,1,0,1,1,0,0,0,-1,0,0,0,0,0,0,0,0,0,0,0,0,0,0,0,0,0,0,0,0,0,0,0,0,0,0,0,0,0,0,0,0,0,0,0,0,0,0,0,0,0,0,0,0,0,0,0,0,0,0,0,0,0,0,0,0,0,0,0,0,0,0,0,0,0,0,0,0,0,0,0,0,0,0,0,0,0,0,0,0,0,0,0,0,0,0,0,0,0,0,0,0,0,0,0,0,0,0,0,0,0,0,0,0,0,0,0,0,0,0,0,0,0,0,0,0,0,0,0,0,0
-222,0,0,0,0,0,0,0,0,0,0,0,0,0,0,0,0,0,0,0,0,0,0,0,0,0,0,0,0,0,0,0,0,0,0,0,0,0,0,0,0,0,0,0,0,0,0,0,0,0,0,0,0,0,0,0,0,0,0,0,0,0,0,0,0,0,0,0,0,0,0,0,0,0,0,0,0,0,0,0,0,0,0,0,0,0,0,0,0,0,0,0,0,0,0,0,0,0,0,0,0,0,0,0,0,0,0,0,0,0,0,0,0,0,0,0,0,0,0,0,0,0,0,0,0,0,0,0,0,0,0,0
-223,1,1,0,1,0,0,0,-1,1,0,0,0,0,0,0,0,0,0,0,0,0,0,0,0,0,0,0,0,0,0,0,0,0,0,0,0,0,0,0,0,0,0,0,0,0,0,0,0,0,0,0,0,0,0,0,0,0,0,0,0,0,0,0,0,0,0,0,0,0,0,0,0,0,0,0,0,0,0,0,0,0,0,0,0,0,0,0,0,0,0,0,0,0,0,0,0,0,0,0,0,0,0,0,0,0,0,0,0,0,0,0,0,0,0,0,0,0,0,0,0,0,0,0,0,0,0,0,0,0,0,0
-224,0,0,0,-1,-1,0,1,-1,0,0,1,-1,0,-1,-1,0,0,-1,-1,0,0,0,0,-1,-1,0,0,-1,-1,0,0,-1,0,-1,0,0,-1,-1,-1,-1,0,0,0,0,0,0,0,0,0,0,0,0,0,0,0,0,0,0,0,0,0,0,0,0,0,0,0,0,0,0,0,0,0,0,0,0,0,0,0,0,0,0,0,0,0,0,0,0,0,0,0,0,0,0,0,0,0,0,0,0,0,0,0,0,0,0,0,0,0,0,0,0,0,0,0,0,0,0,0,0,0,0,0,0,0,0,0,0,0,0,0
-225,1,-1,0,0,1,1,0,0,0,0,1,-1,0,0,0,0,1,0,-1,0,1,1,1,-1,0,1,-1,-1,0,0,-1,1,-1,0,1,0,1,0,-1,0,-1,0,0,0,0,1,0,-1,1,1,1,-1,-1,0,0,1,-1,0,0,1,1,0,0,1,1,0,0,0,1,1,0,1,1,0,-1,0,-1,0,1,0,1,0,1,0,1,-1,0,0,0,0,-1,0,1,-1,0,0,1,1,-1,1,1,1,0,0,0,0,0,0,0,0,0,0,0,0,0,0,0,0,0,0,0,0,0,0,0,0,0,0,0,0,0
-226,1,1,-1,1,0,0,0,-1,0,0,0,-1,0,0,1,-1,1,0,0,0,0,1,0,1,-1,-1,-1,1,1,0,1,0,-1,0,1,-1,0,0,0,-1,1,0,0,0,0,0,0,0,0,0,0,0,0,0,0,0,0,0,0,0,0,0,0,0,0,0,0,0,0,0,0,0,0,0,0,0,0,0,0,0,0,0,0,0,0,0,0,0,0,0,0,0,0,0,0,0,0,0,0,0,0,0,0,0,0,0,0,0,0,0,0,0,0,0,0,0,0,0,0,0,0,0,0,0,0,0,0,0,0,0,0
-227,1,0,1,-1,0,-1,0,0,0,-1,0,0,0,0,0,0,0,0,0,0,0,0,0,0,0,0,0,0,0,0,0,0,0,0,0,0,0,0,0,0,0,0,0,0,0,0,0,0,0,0,0,0,0,0,0,0,0,0,0,0,0,0,0,0,0,0,0,0,0,0,0,0,0,0,0,0,0,0,0,0,0,0,0,0,0,0,0,0,0,0,0,0,0,0,0,0,0,0,0,0,0,0,0,0,0,0,0,0,0,0,0,0,0,0,0,0,0,0,0,0,0,0,0,0,0,0,0,0,0,0,0
-228,0,0,0,1,0,1,0,1,0,1,1,0,0,0,0,0,0,0,0,0,0,0,0,0,0,0,0,0,0,0,0,0,0,0,0,0,0,0,0,0,0,0,0,0,0,0,0,0,0,0,0,0,0,0,0,0,0,0,0,0,0,0,0,0,0,0,0,0,0,0,0,0,0,0,0,0,0,0,0,0,0,0,0,0,0,0,0,0,0,0,0,0,0,0,0,0,0,0,0,0,0,0,0,0,0,0,0,0,0,0,0,0,0,0,0,0,0,0,0,0,0,0,0,0,0,0,0,0,0,0,0
-229,1,0,0,0,0,1,1,-1,0,0,1,0,0,0,0,0,0,0,0,0,0,0,0,0,0,0,0,0,0,0,0,0,0,0,0,0,0,0,0,0,0,0,0,0,0,0,0,0,0,0,0,0,0,0,0,0,0,0,0,0,0,0,0,0,0,0,0,0,0,0,0,0,0,0,0,0,0,0,0,0,0,0,0,0,0,0,0,0,0,0,0,0,0,0,0,0,0,0,0,0,0,0,0,0,0,0,0,0,0,0,0,0,0,0,0,0,0,0,0,0,0,0,0,0,0,0,0,0,0,0,0
-230,0,1,0,0,0,0,1,-1,0,1,1,0,0,0,0,0,0,0,0,0,0,0,0,0,0,0,0,0,0,0,0,0,0,0,0,0,0,0,0,0,0,0,0,0,0,0,0,0,0,0,0,0,0,0,0,0,0,0,0,0,0,0,0,0,0,0,0,0,0,0,0,0,0,0,0,0,0,0,0,0,0,0,0,0,0,0,0,0,0,0,0,0,0,0,0,0,0,0,0,0,0,0,0,0,0,0,0,0,0,0,0,0,0,0,0,0,0,0,0,0,0,0,0,0,0,0,0,0,0,0,0
-231,1,0,1,0,1,0,1,0,1,0,0,0,0,0,0,0,0,0,0,0,0,0,0,0,0,0,0,0,0,0,0,0,0,0,0,0,0,0,0,0,0,0,0,0,0,0,0,0,0,0,0,0,0,0,0,0,0,0,0,0,0,0,0,0,0,0,0,0,0,0,0,0,0,0,0,0,0,0,0,0,0,0,0,0,0,0,0,0,0,0,0,0,0,0,0,0,0,0,0,0,0,0,0,0,0,0,0,0,0,0,0,0,0,0,0,0,0,0,0,0,0,0,0,0,0,0,0,0,0,0,0
-232,0,0,1,0,0,0,1,0,1,1,1,0,0,1,0,0,1,0,1,0,1,1,1,1,1,1,0,1,1,0,1,1,0,0,0,1,0,1,-1,1,0,0,0,0,0,0,0,0,0,0,0,0,0,0,0,0,0,0,0,0,0,0,0,0,0,0,0,0,0,0,0,0,0,0,0,0,0,0,0,0,0,0,0,0,0,0,0,0,0,0,0,0,0,0,0,0,0,0,0,0,0,0,0,0,0,0,0,0,0,0,0,0,0,0,0,0,0,0,0,0,0,0,0,0,0,0,0,0,0,0,0
-233,0,0,0,0,0,0,0,0,0,0,0,0,0,0,0,0,0,0,0,0,0,0,0,0,0,0,0,0,0,0,0,0,0,0,0,0,0,0,0,0,0,0,0,0,0,0,0,0,0,0,0,0,0,0,0,0,0,0,0,0,0,0,0,0,0,0,0,0,0,0,0,0,0,0,0,0,0,0,0,0,0,0,0,0,0,0,0,0,0,0,0,0,0,0,0,0,0,0,0,0,0,0,0,0,0,0,0,0,0,0,0,0,0,0,0,0,0,0,0,0,0,0,0,0,0,0,0,0,0,0,0
-234,1,1,1,0,0,0,-1,0,0,1,0,1,1,0,0,0,0,0,1,0,1,1,0,-1,1,-1,-1,0,0,1,0,1,1,-1,-1,0,0,1,-1,0,1,1,-1,0,0,1,0,0,-1,0,1,1,1,0,1,0,1,0,0,0,0,0,0,0,0,0,0,0,0,0,0,0,0,0,0,0,0,0,0,0,0,0,0,0,0,0,0,0,0,0,0,0,0,0,0,0,0,0,0,0,0,0,0,0,0,0,0,0,0,0,0,0,0,0,0,0,0,0,0,0,0,0,0,0,0,0,0,0,0,0,0
-235,0,1,0,-1,1,0,0,0,1,0,1,0,0,1,0,1,0,0,0,1,1,1,1,1,1,0,1,1,0,0,0,-1,1,1,1,1,0,0,0,1,1,1,1,1,0,1,1,0,0,0,0,0,0,1,1,-1,0,0,1,1,0,1,0,1,0,1,0,1,1,0,0,1,1,0,1,0,1,0,0,1,0,1,0,1,0,1,0,0,1,1,0,0,0,1,1,1,0,1,1,1,1,1,0,0,-1,1,0,0,0,1,0,1,0,1,0,1,-1,0,-1,0,0,-1,0,-1,0,-1,0,0,0,-1,1
-236,0,0,1,1,0,1,1,1,0,0,0,0,1,-1,0,1,0,0,0,1,0,1,1,1,0,1,1,1,0,1,0,1,1,0,0,0,1,1,-1,1,0,0,0,0,1,0,1,0,1,1,1,0,0,1,1,1,0,1,0,0,0,0,0,0,0,0,0,0,0,0,0,0,0,0,0,0,0,0,0,0,0,0,0,0,0,0,0,0,0,0,0,0,0,0,0,0,0,0,0,0,0,0,0,0,0,0,0,0,0,0,0,0,0,0,0,0,0,0,0,0,0,0,0,0,0,0,0,0,0,0,0
-237,-1,-1,0,0,0,0,0,-1,1,-1,0,0,0,0,0,0,0,0,0,0,0,0,0,0,0,0,0,0,0,0,0,0,0,0,0,0,0,0,0,0,0,0,0,0,0,0,0,0,0,0,0,0,0,0,0,0,0,0,0,0,0,0,0,0,0,0,0,0,0,0,0,0,0,0,0,0,0,0,0,0,0,0,0,0,0,0,0,0,0,0,0,0,0,0,0,0,0,0,0,0,0,0,0,0,0,0,0,0,0,0,0,0,0,0,0,0,0,0,0,0,0,0,0,0,0,0,0,0,0,0,0
-238,1,1,-1,0,0,1,0,0,1,0,0,0,1,-1,0,-1,0,0,0,1,0,1,1,0,1,-1,1,1,1,0,0,1,0,-1,0,0,1,1,1,1,0,1,1,0,1,1,0,0,-1,0,0,0,1,0,1,0,1,1,0,0,1,-1,1,0,1,0,1,1,0,0,1,0,0,1,0,0,1,0,1,1,0,1,1,0,1,0,0,0,1,1,0,1,0,1,0,1,0,1,1,1,1,1,0,0,1,0,0,0,1,0,1,-1,1,1,-1,0,0,-1,0,0,1,0,1,0,0,1,0,1,0,0,1
-239,0,-1,0,0,1,0,0,0,1,1,1,0,1,0,0,1,1,0,1,1,0,0,1,0,1,1,1,0,0,0,0,0,0,0,0,0,0,0,0,0,0,0,0,0,0,0,0,0,0,0,0,0,0,0,0,0,0,0,0,0,0,0,0,0,0,0,0,0,0,0,0,0,0,0,0,0,0,0,0,0,0,0,0,0,0,0,0,0,0,0,0,0,0,0,0,0,0,0,0,0,0,0,0,0,0,0,0,0,0,0,0,0,0,0,0,0,0,0,0,0,0,0,0,0,0,0,0,0,0,0,0
-240,1,1,0,0,0,0,1,1,0,1,0,1,0,1,0,0,1,0,0,0,1,1,1,1,1,0,1,0,1,0,1,1,-1,0,1,1,0,0,0,1,1,1,0,0,0,1,1,1,0,1,0,1,1,0,0,0,1,0,1,0,0,-1,-1,-1,0,-1,-1,0,0,0,1,1,0,1,1,0,1,0,0,1,1,0,1,0,0,1,0,0,0,1,1,1,0,1,0,0,1,1,1,1,1,1,0,0,0,1,1,0,0,1,1,0,0,1,1,0,0,1,1,0,1,0,0,0,0,1,0,1,1,1,0
-241,1,0,0,0,1,0,-1,1,1,0,0,1,0,-1,1,-1,0,0,-1,0,0,0,1,-1,-1,0,1,1,0,1,1,0,1,0,0,-1,1,0,0,-1,1,1,-1,1,0,-1,0,0,0,1,0,0,0,1,1,1,1,0,0,1,0,1,1,-1,0,0,0,0,0,-1,0,1,1,1,0,0,0,0,0,0,0,0,0,0,0,0,0,0,0,0,0,0,0,0,0,0,0,0,0,0,0,0,0,0,0,0,0,0,0,0,0,0,0,0,0,0,0,0,0,0,0,0,0,0,0,0,0,0,0,0,0
